2025-02-26 18:59:15,494 - INFO - Loading faiss.
2025-02-26 18:59:15,534 - INFO - Successfully loaded faiss.
2025-02-26 18:59:15,773 - INFO - Loading environment variables...
2025-02-26 18:59:15,773 - INFO - Environment variables loaded successfully.
2025-02-26 18:59:15,773 - INFO - Starting to load documents from the directory...
2025-02-26 18:59:15,773 - INFO - Scanning directory for PDF files: rag-data
2025-02-26 18:59:15,773 - INFO - Found 19 PDF file(s).
2025-02-26 18:59:15,773 - INFO - Processing PDF: rag-data/ML/MulticlassAdaBoost.pdf
2025-02-26 18:59:15,987 - INFO - Successfully loaded 12 document(s) from: rag-data/ML/MulticlassAdaBoost.pdf
2025-02-26 18:59:15,987 - INFO - Processing PDF: rag-data/ML/XGBoost.pdf
2025-02-26 18:59:16,125 - INFO - Successfully loaded 13 document(s) from: rag-data/ML/XGBoost.pdf
2025-02-26 18:59:16,125 - INFO - Processing PDF: rag-data/ML/EfficientBackProp.pdf
2025-02-26 18:59:16,500 - INFO - Successfully loaded 44 document(s) from: rag-data/ML/EfficientBackProp.pdf
2025-02-26 18:59:16,500 - INFO - Processing PDF: rag-data/ML/StyleGAN.pdf
2025-02-26 18:59:16,583 - INFO - Successfully loaded 12 document(s) from: rag-data/ML/StyleGAN.pdf
2025-02-26 18:59:16,583 - INFO - Processing PDF: rag-data/ML/minka-pca.pdf
2025-02-26 18:59:16,641 - INFO - Successfully loaded 16 document(s) from: rag-data/ML/minka-pca.pdf
2025-02-26 18:59:16,641 - INFO - Processing PDF: rag-data/ML/StochasticGradientBoosting.pdf
2025-02-26 18:59:16,695 - INFO - Successfully loaded 10 document(s) from: rag-data/ML/StochasticGradientBoosting.pdf
2025-02-26 18:59:16,695 - INFO - Processing PDF: rag-data/ML/backprop_old.pdf
2025-02-26 18:59:16,696 - INFO - Successfully loaded 4 document(s) from: rag-data/ML/backprop_old.pdf
2025-02-26 18:59:16,696 - INFO - Processing PDF: rag-data/ML/LDA.pdf
2025-02-26 18:59:16,834 - INFO - Successfully loaded 30 document(s) from: rag-data/ML/LDA.pdf
2025-02-26 18:59:16,834 - INFO - Processing PDF: rag-data/ML/BERT.pdf
2025-02-26 18:59:16,927 - INFO - Successfully loaded 16 document(s) from: rag-data/ML/BERT.pdf
2025-02-26 18:59:16,927 - INFO - Processing PDF: rag-data/ML/LayerNormalization.pdf
2025-02-26 18:59:17,021 - INFO - Successfully loaded 14 document(s) from: rag-data/ML/LayerNormalization.pdf
2025-02-26 18:59:17,022 - INFO - Processing PDF: rag-data/ML/TransferVisualModels.pdf
2025-02-26 18:59:17,553 - INFO - Successfully loaded 48 document(s) from: rag-data/ML/TransferVisualModels.pdf
2025-02-26 18:59:17,553 - INFO - Processing PDF: rag-data/ML/Nofreelunch.pdf
2025-02-26 18:59:17,695 - INFO - Successfully loaded 16 document(s) from: rag-data/ML/Nofreelunch.pdf
2025-02-26 18:59:17,695 - INFO - Processing PDF: rag-data/ML/Efficientestimationofwordrep.pdf
2025-02-26 18:59:17,743 - INFO - Successfully loaded 12 document(s) from: rag-data/ML/Efficientestimationofwordrep.pdf
2025-02-26 18:59:17,743 - INFO - Processing PDF: rag-data/ML/OptimalityofNaiveBayes.pdf
2025-02-26 18:59:17,780 - INFO - Successfully loaded 6 document(s) from: rag-data/ML/OptimalityofNaiveBayes.pdf
2025-02-26 18:59:17,780 - INFO - Processing PDF: rag-data/RL/A_General_Language_Assistant_as_a_Laboratory_for_Alignment_v3.pdf
2025-02-26 18:59:18,061 - INFO - Successfully loaded 48 document(s) from: rag-data/RL/A_General_Language_Assistant_as_a_Laboratory_for_Alignment_v3.pdf
2025-02-26 18:59:18,061 - INFO - Processing PDF: rag-data/RL/NeurIPS-2020-learning-to-summarize-with-human-feedback-Paper.pdf
2025-02-26 18:59:18,142 - INFO - Successfully loaded 14 document(s) from: rag-data/RL/NeurIPS-2020-learning-to-summarize-with-human-feedback-Paper.pdf
2025-02-26 18:59:18,142 - INFO - Processing PDF: rag-data/RL/Deep_Reinforcement_Learning_from_Human_Preferencesv4.pdf
2025-02-26 18:59:18,213 - INFO - Successfully loaded 17 document(s) from: rag-data/RL/Deep_Reinforcement_Learning_from_Human_Preferencesv4.pdf
2025-02-26 18:59:18,213 - INFO - Processing PDF: rag-data/RL/Training language models to follow instructions with human feedback.pdf
2025-02-26 18:59:18,461 - INFO - Successfully loaded 68 document(s) from: rag-data/RL/Training language models to follow instructions with human feedback.pdf
2025-02-26 18:59:18,461 - INFO - Processing PDF: rag-data/RL/Proximal_Policy_Optimization_Algorithms.pdf
2025-02-26 18:59:18,625 - INFO - Successfully loaded 12 document(s) from: rag-data/RL/Proximal_Policy_Optimization_Algorithms.pdf
2025-02-26 18:59:18,625 - INFO - Completed processing. Total documents loaded: 412.
2025-02-26 18:59:18,625 - INFO - Successfully loaded 412 documents.
2025-02-26 18:59:18,625 - INFO - Splitting documents into smaller chunks...
2025-02-26 18:59:18,676 - INFO - Split documents into 1715 chunks.
2025-02-26 18:59:18,676 - INFO - Creating the vector store...
2025-02-26 18:59:33,849 - INFO - HTTP Request: POST http://localhost:11434/api/embed "HTTP/1.1 200 OK"
2025-02-26 19:00:30,206 - INFO - HTTP Request: POST http://localhost:11434/api/embed "HTTP/1.1 200 OK"
2025-02-26 19:00:30,490 - INFO - Vector store created successfully.
2025-02-26 19:00:30,490 - INFO - Initializing the RAG chain...
2025-02-26 19:00:30,518 - INFO - RAG chain initialized successfully.
2025-02-26 19:00:46,561 - INFO - HTTP Request: POST http://localhost:11434/api/embed "HTTP/1.1 200 OK"
2025-02-26 19:01:03,413 - INFO - HTTP Request: POST http://localhost:11434/api/chat "HTTP/1.1 200 OK"
2025-02-26 19:01:04,907 - INFO - Processed user question successfully.
2025-02-26 19:04:09,260 - INFO - Loading faiss.
2025-02-26 19:04:09,287 - INFO - Successfully loaded faiss.
2025-02-26 19:04:09,481 - INFO - Loading environment variables...
2025-02-26 19:04:09,481 - INFO - Environment variables loaded successfully.
2025-02-26 19:04:09,481 - INFO - Starting to load documents from the directory...
2025-02-26 19:04:09,481 - INFO - Scanning directory for PDF files: rag-data
2025-02-26 19:04:09,482 - INFO - Found 19 PDF file(s).
2025-02-26 19:04:09,482 - INFO - Processing PDF: rag-data/ML/MulticlassAdaBoost.pdf
2025-02-26 19:04:09,663 - INFO - Successfully loaded 12 document(s) from: rag-data/ML/MulticlassAdaBoost.pdf
2025-02-26 19:04:09,663 - INFO - Processing PDF: rag-data/ML/XGBoost.pdf
2025-02-26 19:04:09,800 - INFO - Successfully loaded 13 document(s) from: rag-data/ML/XGBoost.pdf
2025-02-26 19:04:09,800 - INFO - Processing PDF: rag-data/ML/EfficientBackProp.pdf
2025-02-26 19:04:10,168 - INFO - Successfully loaded 44 document(s) from: rag-data/ML/EfficientBackProp.pdf
2025-02-26 19:04:10,169 - INFO - Processing PDF: rag-data/ML/StyleGAN.pdf
2025-02-26 19:04:10,254 - INFO - Successfully loaded 12 document(s) from: rag-data/ML/StyleGAN.pdf
2025-02-26 19:04:10,254 - INFO - Processing PDF: rag-data/ML/minka-pca.pdf
2025-02-26 19:04:10,313 - INFO - Successfully loaded 16 document(s) from: rag-data/ML/minka-pca.pdf
2025-02-26 19:04:10,313 - INFO - Processing PDF: rag-data/ML/StochasticGradientBoosting.pdf
2025-02-26 19:04:10,369 - INFO - Successfully loaded 10 document(s) from: rag-data/ML/StochasticGradientBoosting.pdf
2025-02-26 19:04:10,369 - INFO - Processing PDF: rag-data/ML/backprop_old.pdf
2025-02-26 19:04:10,370 - INFO - Successfully loaded 4 document(s) from: rag-data/ML/backprop_old.pdf
2025-02-26 19:04:10,370 - INFO - Processing PDF: rag-data/ML/LDA.pdf
2025-02-26 19:04:10,507 - INFO - Successfully loaded 30 document(s) from: rag-data/ML/LDA.pdf
2025-02-26 19:04:10,507 - INFO - Processing PDF: rag-data/ML/BERT.pdf
2025-02-26 19:04:10,600 - INFO - Successfully loaded 16 document(s) from: rag-data/ML/BERT.pdf
2025-02-26 19:04:10,600 - INFO - Processing PDF: rag-data/ML/LayerNormalization.pdf
2025-02-26 19:04:10,688 - INFO - Successfully loaded 14 document(s) from: rag-data/ML/LayerNormalization.pdf
2025-02-26 19:04:10,688 - INFO - Processing PDF: rag-data/ML/TransferVisualModels.pdf
2025-02-26 19:04:11,224 - INFO - Successfully loaded 48 document(s) from: rag-data/ML/TransferVisualModels.pdf
2025-02-26 19:04:11,224 - INFO - Processing PDF: rag-data/ML/Nofreelunch.pdf
2025-02-26 19:04:11,368 - INFO - Successfully loaded 16 document(s) from: rag-data/ML/Nofreelunch.pdf
2025-02-26 19:04:11,368 - INFO - Processing PDF: rag-data/ML/Efficientestimationofwordrep.pdf
2025-02-26 19:04:11,416 - INFO - Successfully loaded 12 document(s) from: rag-data/ML/Efficientestimationofwordrep.pdf
2025-02-26 19:04:11,417 - INFO - Processing PDF: rag-data/ML/OptimalityofNaiveBayes.pdf
2025-02-26 19:04:11,454 - INFO - Successfully loaded 6 document(s) from: rag-data/ML/OptimalityofNaiveBayes.pdf
2025-02-26 19:04:11,454 - INFO - Processing PDF: rag-data/RL/A_General_Language_Assistant_as_a_Laboratory_for_Alignment_v3.pdf
2025-02-26 19:04:11,737 - INFO - Successfully loaded 48 document(s) from: rag-data/RL/A_General_Language_Assistant_as_a_Laboratory_for_Alignment_v3.pdf
2025-02-26 19:04:11,737 - INFO - Processing PDF: rag-data/RL/NeurIPS-2020-learning-to-summarize-with-human-feedback-Paper.pdf
2025-02-26 19:04:11,818 - INFO - Successfully loaded 14 document(s) from: rag-data/RL/NeurIPS-2020-learning-to-summarize-with-human-feedback-Paper.pdf
2025-02-26 19:04:11,818 - INFO - Processing PDF: rag-data/RL/Deep_Reinforcement_Learning_from_Human_Preferencesv4.pdf
2025-02-26 19:04:11,890 - INFO - Successfully loaded 17 document(s) from: rag-data/RL/Deep_Reinforcement_Learning_from_Human_Preferencesv4.pdf
2025-02-26 19:04:11,890 - INFO - Processing PDF: rag-data/RL/Training language models to follow instructions with human feedback.pdf
2025-02-26 19:04:12,140 - INFO - Successfully loaded 68 document(s) from: rag-data/RL/Training language models to follow instructions with human feedback.pdf
2025-02-26 19:04:12,140 - INFO - Processing PDF: rag-data/RL/Proximal_Policy_Optimization_Algorithms.pdf
2025-02-26 19:04:12,305 - INFO - Successfully loaded 12 document(s) from: rag-data/RL/Proximal_Policy_Optimization_Algorithms.pdf
2025-02-26 19:04:12,305 - INFO - Completed processing. Total documents loaded: 412.
2025-02-26 19:04:12,305 - INFO - Successfully loaded 412 documents.
2025-02-26 19:04:12,305 - INFO - Splitting documents into smaller chunks...
2025-02-26 19:04:12,356 - INFO - Split documents into 1715 chunks.
2025-02-26 19:04:12,356 - INFO - Creating the vector store...
2025-02-26 19:04:12,619 - INFO - HTTP Request: POST http://localhost:11434/api/embed "HTTP/1.1 200 OK"
2025-02-26 19:05:08,593 - INFO - HTTP Request: POST http://localhost:11434/api/embed "HTTP/1.1 200 OK"
2025-02-26 19:05:08,864 - INFO - Vector store created successfully.
2025-02-26 19:05:08,865 - INFO - Initializing the RAG chain...
2025-02-26 19:05:08,886 - INFO - RAG chain initialized successfully.
2025-02-26 19:05:33,035 - INFO - HTTP Request: POST http://localhost:11434/api/embed "HTTP/1.1 200 OK"
2025-02-26 19:05:35,251 - INFO - HTTP Request: POST http://localhost:11434/api/chat "HTTP/1.1 200 OK"
2025-02-26 19:05:36,068 - INFO - Processed user question successfully.
2025-02-26 19:05:53,279 - INFO - HTTP Request: POST http://localhost:11434/api/embed "HTTP/1.1 200 OK"
2025-02-26 19:05:54,652 - INFO - HTTP Request: POST http://localhost:11434/api/chat "HTTP/1.1 200 OK"
2025-02-26 19:05:55,735 - INFO - Processed user question successfully.
2025-12-20 14:12:38,922 - INFO - Loading faiss.
2025-12-20 14:12:38,953 - INFO - Successfully loaded faiss.
2025-12-20 14:13:19,941 - INFO - Loading faiss.
2025-12-20 14:13:19,966 - INFO - Successfully loaded faiss.
2025-12-20 14:13:33,182 - INFO - Loading environment variables...
2025-12-20 14:13:33,182 - INFO - Environment variables loaded successfully.
2025-12-20 14:13:33,182 - INFO - Starting to load documents from the directory...
2025-12-20 14:13:33,182 - INFO - Scanning directory for PDF files: rag-data
2025-12-20 14:13:33,183 - INFO - Found 19 PDF file(s).
2025-12-20 14:13:33,183 - INFO - Processing PDF: rag-data/ML/MulticlassAdaBoost.pdf
2025-12-20 14:13:33,374 - INFO - Successfully loaded 12 document(s) from: rag-data/ML/MulticlassAdaBoost.pdf
2025-12-20 14:13:33,374 - INFO - Processing PDF: rag-data/ML/XGBoost.pdf
2025-12-20 14:13:33,525 - INFO - Successfully loaded 13 document(s) from: rag-data/ML/XGBoost.pdf
2025-12-20 14:13:33,525 - INFO - Processing PDF: rag-data/ML/EfficientBackProp.pdf
2025-12-20 14:13:33,910 - INFO - Successfully loaded 44 document(s) from: rag-data/ML/EfficientBackProp.pdf
2025-12-20 14:13:33,910 - INFO - Processing PDF: rag-data/ML/StyleGAN.pdf
2025-12-20 14:13:33,998 - INFO - Successfully loaded 12 document(s) from: rag-data/ML/StyleGAN.pdf
2025-12-20 14:13:33,998 - INFO - Processing PDF: rag-data/ML/minka-pca.pdf
2025-12-20 14:13:34,065 - INFO - Successfully loaded 16 document(s) from: rag-data/ML/minka-pca.pdf
2025-12-20 14:13:34,065 - INFO - Processing PDF: rag-data/ML/StochasticGradientBoosting.pdf
2025-12-20 14:13:34,121 - INFO - Successfully loaded 10 document(s) from: rag-data/ML/StochasticGradientBoosting.pdf
2025-12-20 14:13:34,121 - INFO - Processing PDF: rag-data/ML/backprop_old.pdf
2025-12-20 14:13:34,124 - INFO - Successfully loaded 4 document(s) from: rag-data/ML/backprop_old.pdf
2025-12-20 14:13:34,124 - INFO - Processing PDF: rag-data/ML/LDA.pdf
2025-12-20 14:13:34,267 - INFO - Successfully loaded 30 document(s) from: rag-data/ML/LDA.pdf
2025-12-20 14:13:34,267 - INFO - Processing PDF: rag-data/ML/BERT.pdf
2025-12-20 14:13:34,404 - INFO - Successfully loaded 16 document(s) from: rag-data/ML/BERT.pdf
2025-12-20 14:13:34,404 - INFO - Processing PDF: rag-data/ML/LayerNormalization.pdf
2025-12-20 14:13:34,507 - INFO - Successfully loaded 14 document(s) from: rag-data/ML/LayerNormalization.pdf
2025-12-20 14:13:34,508 - INFO - Processing PDF: rag-data/ML/TransferVisualModels.pdf
2025-12-20 14:13:35,073 - INFO - Successfully loaded 48 document(s) from: rag-data/ML/TransferVisualModels.pdf
2025-12-20 14:13:35,073 - INFO - Processing PDF: rag-data/ML/Nofreelunch.pdf
2025-12-20 14:13:35,225 - INFO - Successfully loaded 16 document(s) from: rag-data/ML/Nofreelunch.pdf
2025-12-20 14:13:35,225 - INFO - Processing PDF: rag-data/ML/Efficientestimationofwordrep.pdf
2025-12-20 14:13:35,276 - INFO - Successfully loaded 12 document(s) from: rag-data/ML/Efficientestimationofwordrep.pdf
2025-12-20 14:13:35,276 - INFO - Processing PDF: rag-data/ML/OptimalityofNaiveBayes.pdf
2025-12-20 14:13:35,315 - INFO - Successfully loaded 6 document(s) from: rag-data/ML/OptimalityofNaiveBayes.pdf
2025-12-20 14:13:35,315 - INFO - Processing PDF: rag-data/RL/A_General_Language_Assistant_as_a_Laboratory_for_Alignment_v3.pdf
2025-12-20 14:13:35,611 - INFO - Successfully loaded 48 document(s) from: rag-data/RL/A_General_Language_Assistant_as_a_Laboratory_for_Alignment_v3.pdf
2025-12-20 14:13:35,612 - INFO - Processing PDF: rag-data/RL/NeurIPS-2020-learning-to-summarize-with-human-feedback-Paper.pdf
2025-12-20 14:13:35,703 - INFO - Successfully loaded 14 document(s) from: rag-data/RL/NeurIPS-2020-learning-to-summarize-with-human-feedback-Paper.pdf
2025-12-20 14:13:35,703 - INFO - Processing PDF: rag-data/RL/Deep_Reinforcement_Learning_from_Human_Preferencesv4.pdf
2025-12-20 14:13:35,780 - INFO - Successfully loaded 17 document(s) from: rag-data/RL/Deep_Reinforcement_Learning_from_Human_Preferencesv4.pdf
2025-12-20 14:13:35,780 - INFO - Processing PDF: rag-data/RL/Training language models to follow instructions with human feedback.pdf
2025-12-20 14:13:36,041 - INFO - Successfully loaded 68 document(s) from: rag-data/RL/Training language models to follow instructions with human feedback.pdf
2025-12-20 14:13:36,041 - INFO - Processing PDF: rag-data/RL/Proximal_Policy_Optimization_Algorithms.pdf
2025-12-20 14:13:36,215 - INFO - Successfully loaded 12 document(s) from: rag-data/RL/Proximal_Policy_Optimization_Algorithms.pdf
2025-12-20 14:13:36,215 - INFO - Completed processing. Total documents loaded: 412.
2025-12-20 14:13:36,215 - INFO - Successfully loaded 412 documents.
2025-12-20 14:13:36,215 - INFO - Splitting documents into smaller chunks...
2025-12-20 14:13:36,272 - INFO - Split documents into 1715 chunks.
2025-12-20 14:13:36,273 - INFO - Creating the vector store...
2025-12-20 14:14:33,970 - INFO - Vector store created successfully.
2025-12-20 14:14:33,971 - INFO - Initializing retriever and RAG chain...
2025-12-20 14:14:33,992 - INFO - Retriever and RAG chain initialized successfully.
2025-12-20 14:15:06,822 - INFO - Processed user question successfully.
2025-12-20 14:15:19,198 - INFO - Processed user question successfully.
2025-12-20 14:15:51,883 - INFO - Processed user question successfully.
2025-12-20 14:16:00,798 - INFO - Processed user question successfully.
2025-12-20 14:16:23,993 - INFO - Processed user question successfully.
2025-12-20 14:17:48,400 - ERROR - An error occurred during chatbot interaction.
Traceback (most recent call last):
  File "/Users/vedavarshita/Desktop/Git-repos/llama3.2_RAG_Application/lg_main.py", line 126, in main
    response = run_with_langgraph(user_input, retriever, rag_chain)
  File "/Users/vedavarshita/Desktop/Git-repos/llama3.2_RAG_Application/langGraph.py", line 152, in run_with_langgraph
    result = workflow.invoke({
        "question": question,
    ...<2 lines>...
        "needs_better_docs": False
    })
  File "/opt/anaconda3/envs/rag-application/lib/python3.13/site-packages/langgraph/pregel/main.py", line 3068, in invoke
    for chunk in self.stream(
                 ~~~~~~~~~~~^
        input,
        ^^^^^^
    ...<10 lines>...
        **kwargs,
        ^^^^^^^^^
    ):
    ^
  File "/opt/anaconda3/envs/rag-application/lib/python3.13/site-packages/langgraph/pregel/main.py", line 2643, in stream
    for _ in runner.tick(
             ~~~~~~~~~~~^
        [t for t in loop.tasks.values() if not t.writes],
        ^^^^^^^^^^^^^^^^^^^^^^^^^^^^^^^^^^^^^^^^^^^^^^^^^
    ...<2 lines>...
        schedule_task=loop.accept_push,
        ^^^^^^^^^^^^^^^^^^^^^^^^^^^^^^^
    ):
    ^
  File "/opt/anaconda3/envs/rag-application/lib/python3.13/site-packages/langgraph/pregel/_runner.py", line 167, in tick
    run_with_retry(
    ~~~~~~~~~~~~~~^
        t,
        ^^
    ...<10 lines>...
        },
        ^^
    )
    ^
  File "/opt/anaconda3/envs/rag-application/lib/python3.13/site-packages/langgraph/pregel/_retry.py", line 42, in run_with_retry
    return task.proc.invoke(task.input, config)
           ~~~~~~~~~~~~~~~~^^^^^^^^^^^^^^^^^^^^
  File "/opt/anaconda3/envs/rag-application/lib/python3.13/site-packages/langgraph/_internal/_runnable.py", line 656, in invoke
    input = context.run(step.invoke, input, config, **kwargs)
  File "/opt/anaconda3/envs/rag-application/lib/python3.13/site-packages/langgraph/_internal/_runnable.py", line 400, in invoke
    ret = self.func(*args, **kwargs)
  File "/Users/vedavarshita/Desktop/Git-repos/llama3.2_RAG_Application/langGraph.py", line 82, in <lambda>
    workflow.add_node("retrieve", lambda s: retrieve_documents(s, retriever))
                                            ~~~~~~~~~~~~~~~~~~^^^^^^^^^^^^^^
  File "/Users/vedavarshita/Desktop/Git-repos/llama3.2_RAG_Application/langGraph.py", line 26, in retrieve_documents
    documents = retriever.get_relevant_documents(question)
                ^^^^^^^^^^^^^^^^^^^^^^^^^^^^^^^^
  File "/opt/anaconda3/envs/rag-application/lib/python3.13/site-packages/pydantic/main.py", line 892, in __getattr__
    raise AttributeError(f'{type(self).__name__!r} object has no attribute {item!r}')
AttributeError: 'VectorStoreRetriever' object has no attribute 'get_relevant_documents'. Did you mean: '_get_relevant_documents'?
During task with name 'retrieve' and id '1b0ab7fc-4df6-d324-1e33-29d0b0ad5fa0'
2025-12-20 14:20:10,474 - ERROR - An error occurred during chatbot interaction.
Traceback (most recent call last):
  File "/Users/vedavarshita/Desktop/Git-repos/llama3.2_RAG_Application/lg_main.py", line 126, in main
    response = run_with_langgraph(user_input, retriever, rag_chain)
  File "/Users/vedavarshita/Desktop/Git-repos/llama3.2_RAG_Application/langGraph.py", line 152, in run_with_langgraph
    result = workflow.invoke({
        "question": question,
    ...<2 lines>...
        "needs_better_docs": False
    })
  File "/opt/anaconda3/envs/rag-application/lib/python3.13/site-packages/langgraph/pregel/main.py", line 3068, in invoke
    for chunk in self.stream(
                 ~~~~~~~~~~~^
        input,
        ^^^^^^
    ...<10 lines>...
        **kwargs,
        ^^^^^^^^^
    ):
    ^
  File "/opt/anaconda3/envs/rag-application/lib/python3.13/site-packages/langgraph/pregel/main.py", line 2643, in stream
    for _ in runner.tick(
             ~~~~~~~~~~~^
        [t for t in loop.tasks.values() if not t.writes],
        ^^^^^^^^^^^^^^^^^^^^^^^^^^^^^^^^^^^^^^^^^^^^^^^^^
    ...<2 lines>...
        schedule_task=loop.accept_push,
        ^^^^^^^^^^^^^^^^^^^^^^^^^^^^^^^
    ):
    ^
  File "/opt/anaconda3/envs/rag-application/lib/python3.13/site-packages/langgraph/pregel/_runner.py", line 167, in tick
    run_with_retry(
    ~~~~~~~~~~~~~~^
        t,
        ^^
    ...<10 lines>...
        },
        ^^
    )
    ^
  File "/opt/anaconda3/envs/rag-application/lib/python3.13/site-packages/langgraph/pregel/_retry.py", line 42, in run_with_retry
    return task.proc.invoke(task.input, config)
           ~~~~~~~~~~~~~~~~^^^^^^^^^^^^^^^^^^^^
  File "/opt/anaconda3/envs/rag-application/lib/python3.13/site-packages/langgraph/_internal/_runnable.py", line 656, in invoke
    input = context.run(step.invoke, input, config, **kwargs)
  File "/opt/anaconda3/envs/rag-application/lib/python3.13/site-packages/langgraph/_internal/_runnable.py", line 400, in invoke
    ret = self.func(*args, **kwargs)
  File "/Users/vedavarshita/Desktop/Git-repos/llama3.2_RAG_Application/langGraph.py", line 82, in <lambda>
    workflow.add_node("retrieve", lambda s: retrieve_documents(s, retriever))
                                            ~~~~~~~~~~~~~~~~~~^^^^^^^^^^^^^^
  File "/Users/vedavarshita/Desktop/Git-repos/llama3.2_RAG_Application/langGraph.py", line 26, in retrieve_documents
    documents = retriever.get_relevant_documents(question)
                ^^^^^^^^^^^^^^^^^^^^^^^^^^^^^^^^
  File "/opt/anaconda3/envs/rag-application/lib/python3.13/site-packages/pydantic/main.py", line 892, in __getattr__
    raise AttributeError(f'{type(self).__name__!r} object has no attribute {item!r}')
AttributeError: 'VectorStoreRetriever' object has no attribute 'get_relevant_documents'. Did you mean: '_get_relevant_documents'?
During task with name 'retrieve' and id 'b0b13766-e68e-51ce-28d8-7a767b245369'
2025-12-20 14:21:26,110 - INFO - User exited the chatbot.
2025-12-20 14:21:37,501 - INFO - Loading faiss.
2025-12-20 14:21:37,529 - INFO - Successfully loaded faiss.
2025-12-20 14:21:41,864 - INFO - Loading environment variables...
2025-12-20 14:21:41,864 - INFO - Environment variables loaded successfully.
2025-12-20 14:21:41,864 - INFO - Starting to load documents from the directory...
2025-12-20 14:21:41,864 - INFO - Scanning directory for PDF files: rag-data
2025-12-20 14:21:41,864 - INFO - Found 19 PDF file(s).
2025-12-20 14:21:41,864 - INFO - Processing PDF: rag-data/ML/MulticlassAdaBoost.pdf
2025-12-20 14:21:42,044 - INFO - Successfully loaded 12 document(s) from: rag-data/ML/MulticlassAdaBoost.pdf
2025-12-20 14:21:42,045 - INFO - Processing PDF: rag-data/ML/XGBoost.pdf
2025-12-20 14:21:42,243 - INFO - Successfully loaded 13 document(s) from: rag-data/ML/XGBoost.pdf
2025-12-20 14:21:42,243 - INFO - Processing PDF: rag-data/ML/EfficientBackProp.pdf
2025-12-20 14:21:42,643 - INFO - Successfully loaded 44 document(s) from: rag-data/ML/EfficientBackProp.pdf
2025-12-20 14:21:42,644 - INFO - Processing PDF: rag-data/ML/StyleGAN.pdf
2025-12-20 14:21:42,733 - INFO - Successfully loaded 12 document(s) from: rag-data/ML/StyleGAN.pdf
2025-12-20 14:21:42,733 - INFO - Processing PDF: rag-data/ML/minka-pca.pdf
2025-12-20 14:21:42,795 - INFO - Successfully loaded 16 document(s) from: rag-data/ML/minka-pca.pdf
2025-12-20 14:21:42,795 - INFO - Processing PDF: rag-data/ML/StochasticGradientBoosting.pdf
2025-12-20 14:21:42,853 - INFO - Successfully loaded 10 document(s) from: rag-data/ML/StochasticGradientBoosting.pdf
2025-12-20 14:21:42,853 - INFO - Processing PDF: rag-data/ML/backprop_old.pdf
2025-12-20 14:21:42,856 - INFO - Successfully loaded 4 document(s) from: rag-data/ML/backprop_old.pdf
2025-12-20 14:21:42,856 - INFO - Processing PDF: rag-data/ML/LDA.pdf
2025-12-20 14:21:43,001 - INFO - Successfully loaded 30 document(s) from: rag-data/ML/LDA.pdf
2025-12-20 14:21:43,001 - INFO - Processing PDF: rag-data/ML/BERT.pdf
2025-12-20 14:21:43,096 - INFO - Successfully loaded 16 document(s) from: rag-data/ML/BERT.pdf
2025-12-20 14:21:43,096 - INFO - Processing PDF: rag-data/ML/LayerNormalization.pdf
2025-12-20 14:21:43,189 - INFO - Successfully loaded 14 document(s) from: rag-data/ML/LayerNormalization.pdf
2025-12-20 14:21:43,189 - INFO - Processing PDF: rag-data/ML/TransferVisualModels.pdf
2025-12-20 14:21:43,742 - INFO - Successfully loaded 48 document(s) from: rag-data/ML/TransferVisualModels.pdf
2025-12-20 14:21:43,742 - INFO - Processing PDF: rag-data/ML/Nofreelunch.pdf
2025-12-20 14:21:43,891 - INFO - Successfully loaded 16 document(s) from: rag-data/ML/Nofreelunch.pdf
2025-12-20 14:21:43,891 - INFO - Processing PDF: rag-data/ML/Efficientestimationofwordrep.pdf
2025-12-20 14:21:43,941 - INFO - Successfully loaded 12 document(s) from: rag-data/ML/Efficientestimationofwordrep.pdf
2025-12-20 14:21:43,941 - INFO - Processing PDF: rag-data/ML/OptimalityofNaiveBayes.pdf
2025-12-20 14:21:43,981 - INFO - Successfully loaded 6 document(s) from: rag-data/ML/OptimalityofNaiveBayes.pdf
2025-12-20 14:21:43,981 - INFO - Processing PDF: rag-data/RL/A_General_Language_Assistant_as_a_Laboratory_for_Alignment_v3.pdf
2025-12-20 14:21:44,268 - INFO - Successfully loaded 48 document(s) from: rag-data/RL/A_General_Language_Assistant_as_a_Laboratory_for_Alignment_v3.pdf
2025-12-20 14:21:44,268 - INFO - Processing PDF: rag-data/RL/NeurIPS-2020-learning-to-summarize-with-human-feedback-Paper.pdf
2025-12-20 14:21:44,351 - INFO - Successfully loaded 14 document(s) from: rag-data/RL/NeurIPS-2020-learning-to-summarize-with-human-feedback-Paper.pdf
2025-12-20 14:21:44,351 - INFO - Processing PDF: rag-data/RL/Deep_Reinforcement_Learning_from_Human_Preferencesv4.pdf
2025-12-20 14:21:44,425 - INFO - Successfully loaded 17 document(s) from: rag-data/RL/Deep_Reinforcement_Learning_from_Human_Preferencesv4.pdf
2025-12-20 14:21:44,425 - INFO - Processing PDF: rag-data/RL/Training language models to follow instructions with human feedback.pdf
2025-12-20 14:21:44,683 - INFO - Successfully loaded 68 document(s) from: rag-data/RL/Training language models to follow instructions with human feedback.pdf
2025-12-20 14:21:44,683 - INFO - Processing PDF: rag-data/RL/Proximal_Policy_Optimization_Algorithms.pdf
2025-12-20 14:21:44,857 - INFO - Successfully loaded 12 document(s) from: rag-data/RL/Proximal_Policy_Optimization_Algorithms.pdf
2025-12-20 14:21:44,857 - INFO - Completed processing. Total documents loaded: 412.
2025-12-20 14:21:44,857 - INFO - Successfully loaded 412 documents.
2025-12-20 14:21:44,857 - INFO - Splitting documents into smaller chunks...
2025-12-20 14:21:44,910 - INFO - Split documents into 1715 chunks.
2025-12-20 14:21:44,910 - INFO - Creating the vector store...
2025-12-20 14:22:41,868 - INFO - Vector store created successfully.
2025-12-20 14:22:41,869 - INFO - Initializing retriever and RAG chain...
2025-12-20 14:22:41,890 - INFO - Retriever and RAG chain initialized successfully.
2025-12-20 14:23:01,180 - INFO - Processed user question successfully.
2025-12-20 14:23:16,236 - INFO - Processed user question successfully.
2025-12-20 14:24:26,076 - INFO - User exited the chatbot.
2025-12-20 14:24:31,782 - INFO - Loading faiss.
2025-12-20 14:24:31,807 - INFO - Successfully loaded faiss.
2025-12-20 14:24:35,924 - INFO - Loading environment variables...
2025-12-20 14:24:35,924 - INFO - Environment variables loaded successfully.
2025-12-20 14:24:35,924 - INFO - Starting to load documents from the directory...
2025-12-20 14:24:35,924 - INFO - Scanning directory for PDF files: rag-data
2025-12-20 14:24:35,924 - INFO - Found 19 PDF file(s).
2025-12-20 14:24:35,924 - INFO - Processing PDF: rag-data/ML/MulticlassAdaBoost.pdf
2025-12-20 14:24:36,109 - INFO - Successfully loaded 12 document(s) from: rag-data/ML/MulticlassAdaBoost.pdf
2025-12-20 14:24:36,109 - INFO - Processing PDF: rag-data/ML/XGBoost.pdf
2025-12-20 14:24:36,248 - INFO - Successfully loaded 13 document(s) from: rag-data/ML/XGBoost.pdf
2025-12-20 14:24:36,248 - INFO - Processing PDF: rag-data/ML/EfficientBackProp.pdf
2025-12-20 14:24:36,625 - INFO - Successfully loaded 44 document(s) from: rag-data/ML/EfficientBackProp.pdf
2025-12-20 14:24:36,625 - INFO - Processing PDF: rag-data/ML/StyleGAN.pdf
2025-12-20 14:24:36,710 - INFO - Successfully loaded 12 document(s) from: rag-data/ML/StyleGAN.pdf
2025-12-20 14:24:36,710 - INFO - Processing PDF: rag-data/ML/minka-pca.pdf
2025-12-20 14:24:36,770 - INFO - Successfully loaded 16 document(s) from: rag-data/ML/minka-pca.pdf
2025-12-20 14:24:36,770 - INFO - Processing PDF: rag-data/ML/StochasticGradientBoosting.pdf
2025-12-20 14:24:36,824 - INFO - Successfully loaded 10 document(s) from: rag-data/ML/StochasticGradientBoosting.pdf
2025-12-20 14:24:36,824 - INFO - Processing PDF: rag-data/ML/backprop_old.pdf
2025-12-20 14:24:36,826 - INFO - Successfully loaded 4 document(s) from: rag-data/ML/backprop_old.pdf
2025-12-20 14:24:36,827 - INFO - Processing PDF: rag-data/ML/LDA.pdf
2025-12-20 14:24:36,968 - INFO - Successfully loaded 30 document(s) from: rag-data/ML/LDA.pdf
2025-12-20 14:24:36,968 - INFO - Processing PDF: rag-data/ML/BERT.pdf
2025-12-20 14:24:37,061 - INFO - Successfully loaded 16 document(s) from: rag-data/ML/BERT.pdf
2025-12-20 14:24:37,061 - INFO - Processing PDF: rag-data/ML/LayerNormalization.pdf
2025-12-20 14:24:37,151 - INFO - Successfully loaded 14 document(s) from: rag-data/ML/LayerNormalization.pdf
2025-12-20 14:24:37,151 - INFO - Processing PDF: rag-data/ML/TransferVisualModels.pdf
2025-12-20 14:24:37,691 - INFO - Successfully loaded 48 document(s) from: rag-data/ML/TransferVisualModels.pdf
2025-12-20 14:24:37,691 - INFO - Processing PDF: rag-data/ML/Nofreelunch.pdf
2025-12-20 14:24:37,838 - INFO - Successfully loaded 16 document(s) from: rag-data/ML/Nofreelunch.pdf
2025-12-20 14:24:37,838 - INFO - Processing PDF: rag-data/ML/Efficientestimationofwordrep.pdf
2025-12-20 14:24:37,887 - INFO - Successfully loaded 12 document(s) from: rag-data/ML/Efficientestimationofwordrep.pdf
2025-12-20 14:24:37,887 - INFO - Processing PDF: rag-data/ML/OptimalityofNaiveBayes.pdf
2025-12-20 14:24:37,925 - INFO - Successfully loaded 6 document(s) from: rag-data/ML/OptimalityofNaiveBayes.pdf
2025-12-20 14:24:37,925 - INFO - Processing PDF: rag-data/RL/A_General_Language_Assistant_as_a_Laboratory_for_Alignment_v3.pdf
2025-12-20 14:24:38,209 - INFO - Successfully loaded 48 document(s) from: rag-data/RL/A_General_Language_Assistant_as_a_Laboratory_for_Alignment_v3.pdf
2025-12-20 14:24:38,210 - INFO - Processing PDF: rag-data/RL/NeurIPS-2020-learning-to-summarize-with-human-feedback-Paper.pdf
2025-12-20 14:24:38,291 - INFO - Successfully loaded 14 document(s) from: rag-data/RL/NeurIPS-2020-learning-to-summarize-with-human-feedback-Paper.pdf
2025-12-20 14:24:38,291 - INFO - Processing PDF: rag-data/RL/Deep_Reinforcement_Learning_from_Human_Preferencesv4.pdf
2025-12-20 14:24:38,365 - INFO - Successfully loaded 17 document(s) from: rag-data/RL/Deep_Reinforcement_Learning_from_Human_Preferencesv4.pdf
2025-12-20 14:24:38,365 - INFO - Processing PDF: rag-data/RL/Training language models to follow instructions with human feedback.pdf
2025-12-20 14:24:38,620 - INFO - Successfully loaded 68 document(s) from: rag-data/RL/Training language models to follow instructions with human feedback.pdf
2025-12-20 14:24:38,620 - INFO - Processing PDF: rag-data/RL/Proximal_Policy_Optimization_Algorithms.pdf
2025-12-20 14:24:38,789 - INFO - Successfully loaded 12 document(s) from: rag-data/RL/Proximal_Policy_Optimization_Algorithms.pdf
2025-12-20 14:24:38,789 - INFO - Completed processing. Total documents loaded: 412.
2025-12-20 14:24:38,789 - INFO - Successfully loaded 412 documents.
2025-12-20 14:24:38,789 - INFO - Splitting documents into smaller chunks...
2025-12-20 14:24:38,841 - INFO - Split documents into 1715 chunks.
2025-12-20 14:24:38,841 - INFO - Creating the vector store...
2025-12-20 14:25:34,414 - INFO - Vector store created successfully.
2025-12-20 14:25:34,415 - INFO - Initializing retriever and RAG chain...
2025-12-20 14:25:34,435 - INFO - Retriever and RAG chain initialized successfully.
2025-12-20 14:26:20,018 - INFO - Processed user question successfully.
2025-12-20 14:26:26,416 - ERROR - An error occurred during chatbot interaction.
Traceback (most recent call last):
  File "/Users/vedavarshita/Desktop/Git-repos/llama3.2_RAG_Application/lg_main.py", line 130, in main
    response = run_with_dspy(user_input, retriever)
  File "/Users/vedavarshita/Desktop/Git-repos/llama3.2_RAG_Application/langGraph.py", line 207, in run_with_dspy
    answer = rag_module(question, docs)
  File "/opt/anaconda3/envs/rag-application/lib/python3.13/site-packages/dspy/utils/callback.py", line 326, in sync_wrapper
    return fn(instance, *args, **kwargs)
  File "/opt/anaconda3/envs/rag-application/lib/python3.13/site-packages/dspy/primitives/module.py", line 81, in __call__
    return self.forward(*args, **kwargs)
           ~~~~~~~~~~~~^^^^^^^^^^^^^^^^^
  File "/Users/vedavarshita/Desktop/Git-repos/llama3.2_RAG_Application/langGraph.py", line 126, in forward
    prediction = self.generate_answer(context=context, question=question)
  File "/opt/anaconda3/envs/rag-application/lib/python3.13/site-packages/dspy/utils/callback.py", line 326, in sync_wrapper
    return fn(instance, *args, **kwargs)
  File "/opt/anaconda3/envs/rag-application/lib/python3.13/site-packages/dspy/primitives/module.py", line 81, in __call__
    return self.forward(*args, **kwargs)
           ~~~~~~~~~~~~^^^^^^^^^^^^^^^^^
  File "/opt/anaconda3/envs/rag-application/lib/python3.13/site-packages/dspy/predict/chain_of_thought.py", line 37, in forward
    return self.predict(**kwargs)
           ~~~~~~~~~~~~^^^^^^^^^^
  File "/opt/anaconda3/envs/rag-application/lib/python3.13/site-packages/dspy/predict/predict.py", line 103, in __call__
    return super().__call__(**kwargs)
           ~~~~~~~~~~~~~~~~^^^^^^^^^^
  File "/opt/anaconda3/envs/rag-application/lib/python3.13/site-packages/dspy/utils/callback.py", line 326, in sync_wrapper
    return fn(instance, *args, **kwargs)
  File "/opt/anaconda3/envs/rag-application/lib/python3.13/site-packages/dspy/primitives/module.py", line 81, in __call__
    return self.forward(*args, **kwargs)
           ~~~~~~~~~~~~^^^^^^^^^^^^^^^^^
  File "/opt/anaconda3/envs/rag-application/lib/python3.13/site-packages/dspy/predict/predict.py", line 183, in forward
    lm, config, signature, demos, kwargs = self._forward_preprocess(**kwargs)
                                           ~~~~~~~~~~~~~~~~~~~~~~~~^^^^^^^^^^
  File "/opt/anaconda3/envs/rag-application/lib/python3.13/site-packages/dspy/predict/predict.py", line 135, in _forward_preprocess
    raise ValueError(f"LM must be an instance of `dspy.BaseLM`, not {type(lm)}. Received `lm={lm}`.")
ValueError: LM must be an instance of `dspy.BaseLM`, not <class 'langGraph.setup_dspy.<locals>.OllamaLM'>. Received `lm=<langGraph.setup_dspy.<locals>.OllamaLM object at 0x1242052b0>`.
2025-12-20 14:26:44,722 - ERROR - An error occurred during chatbot interaction.
Traceback (most recent call last):
  File "/Users/vedavarshita/Desktop/Git-repos/llama3.2_RAG_Application/lg_main.py", line 130, in main
    response = run_with_dspy(user_input, retriever)
  File "/Users/vedavarshita/Desktop/Git-repos/llama3.2_RAG_Application/langGraph.py", line 207, in run_with_dspy
    answer = rag_module(question, docs)
  File "/opt/anaconda3/envs/rag-application/lib/python3.13/site-packages/dspy/utils/callback.py", line 326, in sync_wrapper
    return fn(instance, *args, **kwargs)
  File "/opt/anaconda3/envs/rag-application/lib/python3.13/site-packages/dspy/primitives/module.py", line 81, in __call__
    return self.forward(*args, **kwargs)
           ~~~~~~~~~~~~^^^^^^^^^^^^^^^^^
  File "/Users/vedavarshita/Desktop/Git-repos/llama3.2_RAG_Application/langGraph.py", line 126, in forward
    prediction = self.generate_answer(context=context, question=question)
  File "/opt/anaconda3/envs/rag-application/lib/python3.13/site-packages/dspy/utils/callback.py", line 326, in sync_wrapper
    return fn(instance, *args, **kwargs)
  File "/opt/anaconda3/envs/rag-application/lib/python3.13/site-packages/dspy/primitives/module.py", line 81, in __call__
    return self.forward(*args, **kwargs)
           ~~~~~~~~~~~~^^^^^^^^^^^^^^^^^
  File "/opt/anaconda3/envs/rag-application/lib/python3.13/site-packages/dspy/predict/chain_of_thought.py", line 37, in forward
    return self.predict(**kwargs)
           ~~~~~~~~~~~~^^^^^^^^^^
  File "/opt/anaconda3/envs/rag-application/lib/python3.13/site-packages/dspy/predict/predict.py", line 103, in __call__
    return super().__call__(**kwargs)
           ~~~~~~~~~~~~~~~~^^^^^^^^^^
  File "/opt/anaconda3/envs/rag-application/lib/python3.13/site-packages/dspy/utils/callback.py", line 326, in sync_wrapper
    return fn(instance, *args, **kwargs)
  File "/opt/anaconda3/envs/rag-application/lib/python3.13/site-packages/dspy/primitives/module.py", line 81, in __call__
    return self.forward(*args, **kwargs)
           ~~~~~~~~~~~~^^^^^^^^^^^^^^^^^
  File "/opt/anaconda3/envs/rag-application/lib/python3.13/site-packages/dspy/predict/predict.py", line 183, in forward
    lm, config, signature, demos, kwargs = self._forward_preprocess(**kwargs)
                                           ~~~~~~~~~~~~~~~~~~~~~~~~^^^^^^^^^^
  File "/opt/anaconda3/envs/rag-application/lib/python3.13/site-packages/dspy/predict/predict.py", line 135, in _forward_preprocess
    raise ValueError(f"LM must be an instance of `dspy.BaseLM`, not {type(lm)}. Received `lm={lm}`.")
ValueError: LM must be an instance of `dspy.BaseLM`, not <class 'langGraph.setup_dspy.<locals>.OllamaLM'>. Received `lm=<langGraph.setup_dspy.<locals>.OllamaLM object at 0x1242052b0>`.
2025-12-20 14:27:23,327 - INFO - User exited the chatbot.
2025-12-20 14:29:06,906 - INFO - Loading faiss.
2025-12-20 14:29:06,934 - INFO - Successfully loaded faiss.
2025-12-20 14:29:11,288 - INFO - Loading environment variables...
2025-12-20 14:29:11,288 - INFO - Environment variables loaded successfully.
2025-12-20 14:29:11,288 - INFO - Starting to load documents from the directory...
2025-12-20 14:29:11,289 - INFO - Scanning directory for PDF files: rag-data
2025-12-20 14:29:11,289 - INFO - Found 19 PDF file(s).
2025-12-20 14:29:11,289 - INFO - Processing PDF: rag-data/ML/MulticlassAdaBoost.pdf
2025-12-20 14:29:11,477 - INFO - Successfully loaded 12 document(s) from: rag-data/ML/MulticlassAdaBoost.pdf
2025-12-20 14:29:11,477 - INFO - Processing PDF: rag-data/ML/XGBoost.pdf
2025-12-20 14:29:11,618 - INFO - Successfully loaded 13 document(s) from: rag-data/ML/XGBoost.pdf
2025-12-20 14:29:11,618 - INFO - Processing PDF: rag-data/ML/EfficientBackProp.pdf
2025-12-20 14:29:11,994 - INFO - Successfully loaded 44 document(s) from: rag-data/ML/EfficientBackProp.pdf
2025-12-20 14:29:11,994 - INFO - Processing PDF: rag-data/ML/StyleGAN.pdf
2025-12-20 14:29:12,079 - INFO - Successfully loaded 12 document(s) from: rag-data/ML/StyleGAN.pdf
2025-12-20 14:29:12,079 - INFO - Processing PDF: rag-data/ML/minka-pca.pdf
2025-12-20 14:29:12,139 - INFO - Successfully loaded 16 document(s) from: rag-data/ML/minka-pca.pdf
2025-12-20 14:29:12,139 - INFO - Processing PDF: rag-data/ML/StochasticGradientBoosting.pdf
2025-12-20 14:29:12,194 - INFO - Successfully loaded 10 document(s) from: rag-data/ML/StochasticGradientBoosting.pdf
2025-12-20 14:29:12,194 - INFO - Processing PDF: rag-data/ML/backprop_old.pdf
2025-12-20 14:29:12,196 - INFO - Successfully loaded 4 document(s) from: rag-data/ML/backprop_old.pdf
2025-12-20 14:29:12,196 - INFO - Processing PDF: rag-data/ML/LDA.pdf
2025-12-20 14:29:12,336 - INFO - Successfully loaded 30 document(s) from: rag-data/ML/LDA.pdf
2025-12-20 14:29:12,336 - INFO - Processing PDF: rag-data/ML/BERT.pdf
2025-12-20 14:29:12,430 - INFO - Successfully loaded 16 document(s) from: rag-data/ML/BERT.pdf
2025-12-20 14:29:12,430 - INFO - Processing PDF: rag-data/ML/LayerNormalization.pdf
2025-12-20 14:29:12,519 - INFO - Successfully loaded 14 document(s) from: rag-data/ML/LayerNormalization.pdf
2025-12-20 14:29:12,519 - INFO - Processing PDF: rag-data/ML/TransferVisualModels.pdf
2025-12-20 14:29:13,252 - INFO - Successfully loaded 48 document(s) from: rag-data/ML/TransferVisualModels.pdf
2025-12-20 14:29:13,252 - INFO - Processing PDF: rag-data/ML/Nofreelunch.pdf
2025-12-20 14:29:13,398 - INFO - Successfully loaded 16 document(s) from: rag-data/ML/Nofreelunch.pdf
2025-12-20 14:29:13,398 - INFO - Processing PDF: rag-data/ML/Efficientestimationofwordrep.pdf
2025-12-20 14:29:13,447 - INFO - Successfully loaded 12 document(s) from: rag-data/ML/Efficientestimationofwordrep.pdf
2025-12-20 14:29:13,447 - INFO - Processing PDF: rag-data/ML/OptimalityofNaiveBayes.pdf
2025-12-20 14:29:13,485 - INFO - Successfully loaded 6 document(s) from: rag-data/ML/OptimalityofNaiveBayes.pdf
2025-12-20 14:29:13,485 - INFO - Processing PDF: rag-data/RL/A_General_Language_Assistant_as_a_Laboratory_for_Alignment_v3.pdf
2025-12-20 14:29:13,776 - INFO - Successfully loaded 48 document(s) from: rag-data/RL/A_General_Language_Assistant_as_a_Laboratory_for_Alignment_v3.pdf
2025-12-20 14:29:13,776 - INFO - Processing PDF: rag-data/RL/NeurIPS-2020-learning-to-summarize-with-human-feedback-Paper.pdf
2025-12-20 14:29:13,860 - INFO - Successfully loaded 14 document(s) from: rag-data/RL/NeurIPS-2020-learning-to-summarize-with-human-feedback-Paper.pdf
2025-12-20 14:29:13,860 - INFO - Processing PDF: rag-data/RL/Deep_Reinforcement_Learning_from_Human_Preferencesv4.pdf
2025-12-20 14:29:13,933 - INFO - Successfully loaded 17 document(s) from: rag-data/RL/Deep_Reinforcement_Learning_from_Human_Preferencesv4.pdf
2025-12-20 14:29:13,933 - INFO - Processing PDF: rag-data/RL/Training language models to follow instructions with human feedback.pdf
2025-12-20 14:29:14,190 - INFO - Successfully loaded 68 document(s) from: rag-data/RL/Training language models to follow instructions with human feedback.pdf
2025-12-20 14:29:14,190 - INFO - Processing PDF: rag-data/RL/Proximal_Policy_Optimization_Algorithms.pdf
2025-12-20 14:29:14,358 - INFO - Successfully loaded 12 document(s) from: rag-data/RL/Proximal_Policy_Optimization_Algorithms.pdf
2025-12-20 14:29:14,358 - INFO - Completed processing. Total documents loaded: 412.
2025-12-20 14:29:14,358 - INFO - Successfully loaded 412 documents.
2025-12-20 14:29:14,358 - INFO - Splitting documents into smaller chunks...
2025-12-20 14:29:14,410 - INFO - Split documents into 1715 chunks.
2025-12-20 14:29:14,410 - INFO - Creating the vector store...
2025-12-20 14:30:09,996 - INFO - Vector store created successfully.
2025-12-20 14:30:09,997 - INFO - Initializing retriever and RAG chain...
2025-12-20 14:30:10,014 - INFO - Retriever and RAG chain initialized successfully.
2025-12-20 14:30:42,972 - ERROR - An error occurred during chatbot interaction.
Traceback (most recent call last):
  File "/opt/anaconda3/envs/rag-application/lib/python3.13/site-packages/httpx/_transports/default.py", line 72, in map_httpcore_exceptions
    yield
  File "/opt/anaconda3/envs/rag-application/lib/python3.13/site-packages/httpx/_transports/default.py", line 236, in handle_request
    resp = self._pool.handle_request(req)
  File "/opt/anaconda3/envs/rag-application/lib/python3.13/site-packages/httpcore/_sync/connection_pool.py", line 256, in handle_request
    raise exc from None
  File "/opt/anaconda3/envs/rag-application/lib/python3.13/site-packages/httpcore/_sync/connection_pool.py", line 236, in handle_request
    response = connection.handle_request(
        pool_request.request
    )
  File "/opt/anaconda3/envs/rag-application/lib/python3.13/site-packages/httpcore/_sync/connection.py", line 103, in handle_request
    return self._connection.handle_request(request)
           ~~~~~~~~~~~~~~~~~~~~~~~~~~~~~~~^^^^^^^^^
  File "/opt/anaconda3/envs/rag-application/lib/python3.13/site-packages/httpcore/_sync/http11.py", line 136, in handle_request
    raise exc
  File "/opt/anaconda3/envs/rag-application/lib/python3.13/site-packages/httpcore/_sync/http11.py", line 86, in handle_request
    self._send_request_headers(**kwargs)
    ~~~~~~~~~~~~~~~~~~~~~~~~~~^^^^^^^^^^
  File "/opt/anaconda3/envs/rag-application/lib/python3.13/site-packages/httpcore/_sync/http11.py", line 144, in _send_request_headers
    with map_exceptions({h11.LocalProtocolError: LocalProtocolError}):
         ~~~~~~~~~~~~~~^^^^^^^^^^^^^^^^^^^^^^^^^^^^^^^^^^^^^^^^^^^^^^
  File "/opt/anaconda3/envs/rag-application/lib/python3.13/contextlib.py", line 162, in __exit__
    self.gen.throw(value)
    ~~~~~~~~~~~~~~^^^^^^^
  File "/opt/anaconda3/envs/rag-application/lib/python3.13/site-packages/httpcore/_exceptions.py", line 14, in map_exceptions
    raise to_exc(exc) from exc
httpcore.LocalProtocolError: Illegal header value b'Bearer '

The above exception was the direct cause of the following exception:

Traceback (most recent call last):
  File "/opt/anaconda3/envs/rag-application/lib/python3.13/site-packages/litellm/llms/custom_httpx/llm_http_handler.py", line 217, in _make_common_sync_call
    response = sync_httpx_client.post(
        url=api_base,
    ...<8 lines>...
        logging_obj=logging_obj,
    )
  File "/opt/anaconda3/envs/rag-application/lib/python3.13/site-packages/litellm/llms/custom_httpx/http_handler.py", line 981, in post
    raise e
  File "/opt/anaconda3/envs/rag-application/lib/python3.13/site-packages/litellm/llms/custom_httpx/http_handler.py", line 960, in post
    response = self.client.send(req, stream=stream)
  File "/opt/anaconda3/envs/rag-application/lib/python3.13/site-packages/httpx/_client.py", line 926, in send
    response = self._send_handling_auth(
        request,
    ...<2 lines>...
        history=[],
    )
  File "/opt/anaconda3/envs/rag-application/lib/python3.13/site-packages/httpx/_client.py", line 954, in _send_handling_auth
    response = self._send_handling_redirects(
        request,
        follow_redirects=follow_redirects,
        history=history,
    )
  File "/opt/anaconda3/envs/rag-application/lib/python3.13/site-packages/httpx/_client.py", line 991, in _send_handling_redirects
    response = self._send_single_request(request)
  File "/opt/anaconda3/envs/rag-application/lib/python3.13/site-packages/httpx/_client.py", line 1027, in _send_single_request
    response = transport.handle_request(request)
  File "/opt/anaconda3/envs/rag-application/lib/python3.13/site-packages/httpx/_transports/default.py", line 235, in handle_request
    with map_httpcore_exceptions():
         ~~~~~~~~~~~~~~~~~~~~~~~^^
  File "/opt/anaconda3/envs/rag-application/lib/python3.13/contextlib.py", line 162, in __exit__
    self.gen.throw(value)
    ~~~~~~~~~~~~~~^^^^^^^
  File "/opt/anaconda3/envs/rag-application/lib/python3.13/site-packages/httpx/_transports/default.py", line 89, in map_httpcore_exceptions
    raise mapped_exc(message) from exc
httpx.LocalProtocolError: Illegal header value b'Bearer '

During handling of the above exception, another exception occurred:

Traceback (most recent call last):
  File "/opt/anaconda3/envs/rag-application/lib/python3.13/site-packages/litellm/main.py", line 3614, in completion
    response = base_llm_http_handler.completion(
        model=model,
    ...<14 lines>...
        client=client,
    )
  File "/opt/anaconda3/envs/rag-application/lib/python3.13/site-packages/litellm/llms/custom_httpx/llm_http_handler.py", line 520, in completion
    response = self._make_common_sync_call(
        sync_httpx_client=sync_httpx_client,
    ...<7 lines>...
        logging_obj=logging_obj,
    )
  File "/opt/anaconda3/envs/rag-application/lib/python3.13/site-packages/litellm/llms/custom_httpx/llm_http_handler.py", line 244, in _make_common_sync_call
    raise self._handle_error(e=e, provider_config=provider_config)
          ~~~~~~~~~~~~~~~~~~^^^^^^^^^^^^^^^^^^^^^^^^^^^^^^^^^^^^^^
  File "/opt/anaconda3/envs/rag-application/lib/python3.13/site-packages/litellm/llms/custom_httpx/llm_http_handler.py", line 3617, in _handle_error
    raise provider_config.get_error_class(
    ...<3 lines>...
    )
litellm.llms.ollama.common_utils.OllamaError: Illegal header value b'Bearer '

During handling of the above exception, another exception occurred:

Traceback (most recent call last):
  File "/opt/anaconda3/envs/rag-application/lib/python3.13/site-packages/litellm/utils.py", line 1254, in wrapper
    result = original_function(*args, **kwargs)
  File "/opt/anaconda3/envs/rag-application/lib/python3.13/site-packages/litellm/main.py", line 4046, in completion
    raise exception_type(
          ~~~~~~~~~~~~~~^
        model=model,
        ^^^^^^^^^^^^
    ...<3 lines>...
        extra_kwargs=kwargs,
        ^^^^^^^^^^^^^^^^^^^^
    )
    ^
  File "/opt/anaconda3/envs/rag-application/lib/python3.13/site-packages/litellm/litellm_core_utils/exception_mapping_utils.py", line 2340, in exception_type
    raise e
  File "/opt/anaconda3/envs/rag-application/lib/python3.13/site-packages/litellm/litellm_core_utils/exception_mapping_utils.py", line 2309, in exception_type
    raise APIConnectionError(
    ...<4 lines>...
    )
litellm.exceptions.APIConnectionError: litellm.APIConnectionError: OllamaException - Illegal header value b'Bearer '

During handling of the above exception, another exception occurred:

Traceback (most recent call last):
  File "/Users/vedavarshita/Desktop/Git-repos/llama3.2_RAG_Application/lg_main.py", line 130, in main
    response = run_with_dspy(user_input, retriever)
  File "/Users/vedavarshita/Desktop/Git-repos/llama3.2_RAG_Application/langGraph.py", line 224, in run_with_dspy
    answer = rag_module(question, docs)
  File "/opt/anaconda3/envs/rag-application/lib/python3.13/site-packages/dspy/utils/callback.py", line 326, in sync_wrapper
    return fn(instance, *args, **kwargs)
  File "/opt/anaconda3/envs/rag-application/lib/python3.13/site-packages/dspy/primitives/module.py", line 81, in __call__
    return self.forward(*args, **kwargs)
           ~~~~~~~~~~~~^^^^^^^^^^^^^^^^^
  File "/Users/vedavarshita/Desktop/Git-repos/llama3.2_RAG_Application/langGraph.py", line 126, in forward
    prediction = self.generate_answer(context=context, question=question)
  File "/opt/anaconda3/envs/rag-application/lib/python3.13/site-packages/dspy/utils/callback.py", line 326, in sync_wrapper
    return fn(instance, *args, **kwargs)
  File "/opt/anaconda3/envs/rag-application/lib/python3.13/site-packages/dspy/primitives/module.py", line 81, in __call__
    return self.forward(*args, **kwargs)
           ~~~~~~~~~~~~^^^^^^^^^^^^^^^^^
  File "/opt/anaconda3/envs/rag-application/lib/python3.13/site-packages/dspy/predict/chain_of_thought.py", line 37, in forward
    return self.predict(**kwargs)
           ~~~~~~~~~~~~^^^^^^^^^^
  File "/opt/anaconda3/envs/rag-application/lib/python3.13/site-packages/dspy/predict/predict.py", line 103, in __call__
    return super().__call__(**kwargs)
           ~~~~~~~~~~~~~~~~^^^^^^^^^^
  File "/opt/anaconda3/envs/rag-application/lib/python3.13/site-packages/dspy/utils/callback.py", line 326, in sync_wrapper
    return fn(instance, *args, **kwargs)
  File "/opt/anaconda3/envs/rag-application/lib/python3.13/site-packages/dspy/primitives/module.py", line 81, in __call__
    return self.forward(*args, **kwargs)
           ~~~~~~~~~~~~^^^^^^^^^^^^^^^^^
  File "/opt/anaconda3/envs/rag-application/lib/python3.13/site-packages/dspy/predict/predict.py", line 192, in forward
    completions = adapter(lm, lm_kwargs=config, signature=signature, demos=demos, inputs=kwargs)
  File "/opt/anaconda3/envs/rag-application/lib/python3.13/site-packages/dspy/adapters/chat_adapter.py", line 47, in __call__
    return JSONAdapter()(lm, lm_kwargs, signature, demos, inputs)
           ~~~~~~~~~~~~~^^^^^^^^^^^^^^^^^^^^^^^^^^^^^^^^^^^^^^^^^
  File "/opt/anaconda3/envs/rag-application/lib/python3.13/site-packages/dspy/adapters/json_adapter.py", line 73, in __call__
    result = self._json_adapter_call_common(lm, lm_kwargs, signature, demos, inputs, super().__call__)
  File "/opt/anaconda3/envs/rag-application/lib/python3.13/site-packages/dspy/adapters/json_adapter.py", line 63, in _json_adapter_call_common
    return call_fn(lm, lm_kwargs, signature, demos, inputs)
  File "/opt/anaconda3/envs/rag-application/lib/python3.13/site-packages/dspy/adapters/chat_adapter.py", line 46, in __call__
    raise e
  File "/opt/anaconda3/envs/rag-application/lib/python3.13/site-packages/dspy/adapters/chat_adapter.py", line 38, in __call__
    return super().__call__(lm, lm_kwargs, signature, demos, inputs)
           ~~~~~~~~~~~~~~~~^^^^^^^^^^^^^^^^^^^^^^^^^^^^^^^^^^^^^^^^^
  File "/opt/anaconda3/envs/rag-application/lib/python3.13/site-packages/dspy/adapters/base.py", line 198, in __call__
    outputs = lm(messages=inputs, **lm_kwargs)
  File "/opt/anaconda3/envs/rag-application/lib/python3.13/site-packages/dspy/utils/callback.py", line 326, in sync_wrapper
    return fn(instance, *args, **kwargs)
  File "/opt/anaconda3/envs/rag-application/lib/python3.13/site-packages/dspy/clients/base_lm.py", line 85, in __call__
    response = self.forward(prompt=prompt, messages=messages, **kwargs)
  File "/opt/anaconda3/envs/rag-application/lib/python3.13/site-packages/dspy/clients/lm.py", line 148, in forward
    results = completion(
        request=dict(model=self.model, messages=messages, **kwargs),
        num_retries=self.num_retries,
        cache=litellm_cache_args,
    )
  File "/opt/anaconda3/envs/rag-application/lib/python3.13/site-packages/dspy/clients/cache.py", line 245, in sync_wrapper
    result = fn(*args, **kwargs)
  File "/opt/anaconda3/envs/rag-application/lib/python3.13/site-packages/dspy/clients/lm.py", line 346, in litellm_completion
    return litellm.completion(
           ~~~~~~~~~~~~~~~~~~^
        cache=cache,
        ^^^^^^^^^^^^
    ...<3 lines>...
        **request,
        ^^^^^^^^^^
    )
    ^
  File "/opt/anaconda3/envs/rag-application/lib/python3.13/site-packages/litellm/utils.py", line 1365, in wrapper
    return litellm.completion_with_retries(*args, **kwargs)
           ~~~~~~~~~~~~~~~~~~~~~~~~~~~~~~~^^^^^^^^^^^^^^^^^
  File "/opt/anaconda3/envs/rag-application/lib/python3.13/site-packages/litellm/main.py", line 4084, in completion_with_retries
    return retryer(original_function, *args, **kwargs)
  File "/opt/anaconda3/envs/rag-application/lib/python3.13/site-packages/tenacity/__init__.py", line 475, in __call__
    do = self.iter(retry_state=retry_state)
  File "/opt/anaconda3/envs/rag-application/lib/python3.13/site-packages/tenacity/__init__.py", line 376, in iter
    result = action(retry_state)
  File "/opt/anaconda3/envs/rag-application/lib/python3.13/site-packages/tenacity/__init__.py", line 418, in exc_check
    raise retry_exc.reraise()
          ~~~~~~~~~~~~~~~~~^^
  File "/opt/anaconda3/envs/rag-application/lib/python3.13/site-packages/tenacity/__init__.py", line 185, in reraise
    raise self.last_attempt.result()
          ~~~~~~~~~~~~~~~~~~~~~~~~^^
  File "/opt/anaconda3/envs/rag-application/lib/python3.13/concurrent/futures/_base.py", line 449, in result
    return self.__get_result()
           ~~~~~~~~~~~~~~~~~^^
  File "/opt/anaconda3/envs/rag-application/lib/python3.13/concurrent/futures/_base.py", line 401, in __get_result
    raise self._exception
  File "/opt/anaconda3/envs/rag-application/lib/python3.13/site-packages/tenacity/__init__.py", line 478, in __call__
    result = fn(*args, **kwargs)
  File "/opt/anaconda3/envs/rag-application/lib/python3.13/site-packages/litellm/utils.py", line 1385, in wrapper
    raise e
  File "/opt/anaconda3/envs/rag-application/lib/python3.13/site-packages/litellm/utils.py", line 1254, in wrapper
    result = original_function(*args, **kwargs)
  File "/opt/anaconda3/envs/rag-application/lib/python3.13/site-packages/litellm/main.py", line 4046, in completion
    raise exception_type(
          ~~~~~~~~~~~~~~^
        model=model,
        ^^^^^^^^^^^^
    ...<3 lines>...
        extra_kwargs=kwargs,
        ^^^^^^^^^^^^^^^^^^^^
    )
    ^
  File "/opt/anaconda3/envs/rag-application/lib/python3.13/site-packages/litellm/litellm_core_utils/exception_mapping_utils.py", line 2340, in exception_type
    raise e
  File "/opt/anaconda3/envs/rag-application/lib/python3.13/site-packages/litellm/litellm_core_utils/exception_mapping_utils.py", line 2309, in exception_type
    raise APIConnectionError(
    ...<4 lines>...
    )
litellm.exceptions.APIConnectionError: litellm.APIConnectionError: OllamaException - Illegal header value b'Bearer '
2025-12-20 14:31:58,199 - INFO - User exited the chatbot.
2025-12-20 14:32:03,968 - INFO - Loading faiss.
2025-12-20 14:32:03,983 - INFO - Successfully loaded faiss.
2025-12-20 14:33:45,377 - INFO - Loading faiss.
2025-12-20 14:33:45,404 - INFO - Successfully loaded faiss.
2025-12-20 14:33:49,705 - INFO - Loading environment variables...
2025-12-20 14:33:49,705 - INFO - Environment variables loaded successfully.
2025-12-20 14:33:49,705 - INFO - Starting to load documents from the directory...
2025-12-20 14:33:49,705 - INFO - Scanning directory for PDF files: rag-data
2025-12-20 14:33:49,706 - INFO - Found 19 PDF file(s).
2025-12-20 14:33:49,706 - INFO - Processing PDF: rag-data/ML/MulticlassAdaBoost.pdf
2025-12-20 14:33:49,899 - INFO - Successfully loaded 12 document(s) from: rag-data/ML/MulticlassAdaBoost.pdf
2025-12-20 14:33:49,899 - INFO - Processing PDF: rag-data/ML/XGBoost.pdf
2025-12-20 14:33:50,037 - INFO - Successfully loaded 13 document(s) from: rag-data/ML/XGBoost.pdf
2025-12-20 14:33:50,038 - INFO - Processing PDF: rag-data/ML/EfficientBackProp.pdf
2025-12-20 14:33:50,414 - INFO - Successfully loaded 44 document(s) from: rag-data/ML/EfficientBackProp.pdf
2025-12-20 14:33:50,414 - INFO - Processing PDF: rag-data/ML/StyleGAN.pdf
2025-12-20 14:33:50,504 - INFO - Successfully loaded 12 document(s) from: rag-data/ML/StyleGAN.pdf
2025-12-20 14:33:50,504 - INFO - Processing PDF: rag-data/ML/minka-pca.pdf
2025-12-20 14:33:50,567 - INFO - Successfully loaded 16 document(s) from: rag-data/ML/minka-pca.pdf
2025-12-20 14:33:50,567 - INFO - Processing PDF: rag-data/ML/StochasticGradientBoosting.pdf
2025-12-20 14:33:50,627 - INFO - Successfully loaded 10 document(s) from: rag-data/ML/StochasticGradientBoosting.pdf
2025-12-20 14:33:50,627 - INFO - Processing PDF: rag-data/ML/backprop_old.pdf
2025-12-20 14:33:50,631 - INFO - Successfully loaded 4 document(s) from: rag-data/ML/backprop_old.pdf
2025-12-20 14:33:50,631 - INFO - Processing PDF: rag-data/ML/LDA.pdf
2025-12-20 14:33:50,774 - INFO - Successfully loaded 30 document(s) from: rag-data/ML/LDA.pdf
2025-12-20 14:33:50,774 - INFO - Processing PDF: rag-data/ML/BERT.pdf
2025-12-20 14:33:50,868 - INFO - Successfully loaded 16 document(s) from: rag-data/ML/BERT.pdf
2025-12-20 14:33:50,868 - INFO - Processing PDF: rag-data/ML/LayerNormalization.pdf
2025-12-20 14:33:50,960 - INFO - Successfully loaded 14 document(s) from: rag-data/ML/LayerNormalization.pdf
2025-12-20 14:33:50,960 - INFO - Processing PDF: rag-data/ML/TransferVisualModels.pdf
2025-12-20 14:33:51,501 - INFO - Successfully loaded 48 document(s) from: rag-data/ML/TransferVisualModels.pdf
2025-12-20 14:33:51,502 - INFO - Processing PDF: rag-data/ML/Nofreelunch.pdf
2025-12-20 14:33:51,650 - INFO - Successfully loaded 16 document(s) from: rag-data/ML/Nofreelunch.pdf
2025-12-20 14:33:51,650 - INFO - Processing PDF: rag-data/ML/Efficientestimationofwordrep.pdf
2025-12-20 14:33:51,701 - INFO - Successfully loaded 12 document(s) from: rag-data/ML/Efficientestimationofwordrep.pdf
2025-12-20 14:33:51,701 - INFO - Processing PDF: rag-data/ML/OptimalityofNaiveBayes.pdf
2025-12-20 14:33:51,741 - INFO - Successfully loaded 6 document(s) from: rag-data/ML/OptimalityofNaiveBayes.pdf
2025-12-20 14:33:51,741 - INFO - Processing PDF: rag-data/RL/A_General_Language_Assistant_as_a_Laboratory_for_Alignment_v3.pdf
2025-12-20 14:33:52,036 - INFO - Successfully loaded 48 document(s) from: rag-data/RL/A_General_Language_Assistant_as_a_Laboratory_for_Alignment_v3.pdf
2025-12-20 14:33:52,036 - INFO - Processing PDF: rag-data/RL/NeurIPS-2020-learning-to-summarize-with-human-feedback-Paper.pdf
2025-12-20 14:33:52,121 - INFO - Successfully loaded 14 document(s) from: rag-data/RL/NeurIPS-2020-learning-to-summarize-with-human-feedback-Paper.pdf
2025-12-20 14:33:52,121 - INFO - Processing PDF: rag-data/RL/Deep_Reinforcement_Learning_from_Human_Preferencesv4.pdf
2025-12-20 14:33:52,196 - INFO - Successfully loaded 17 document(s) from: rag-data/RL/Deep_Reinforcement_Learning_from_Human_Preferencesv4.pdf
2025-12-20 14:33:52,197 - INFO - Processing PDF: rag-data/RL/Training language models to follow instructions with human feedback.pdf
2025-12-20 14:33:52,452 - INFO - Successfully loaded 68 document(s) from: rag-data/RL/Training language models to follow instructions with human feedback.pdf
2025-12-20 14:33:52,452 - INFO - Processing PDF: rag-data/RL/Proximal_Policy_Optimization_Algorithms.pdf
2025-12-20 14:33:52,623 - INFO - Successfully loaded 12 document(s) from: rag-data/RL/Proximal_Policy_Optimization_Algorithms.pdf
2025-12-20 14:33:52,623 - INFO - Completed processing. Total documents loaded: 412.
2025-12-20 14:33:52,623 - INFO - Successfully loaded 412 documents.
2025-12-20 14:33:52,623 - INFO - Splitting documents into smaller chunks...
2025-12-20 14:33:52,674 - INFO - Split documents into 1715 chunks.
2025-12-20 14:33:52,674 - INFO - Creating the vector store...
2025-12-20 14:34:48,174 - INFO - Vector store created successfully.
2025-12-20 14:34:48,174 - INFO - Initializing retriever and RAG chain...
2025-12-20 14:34:48,191 - INFO - Retriever and RAG chain initialized successfully.
2025-12-20 14:36:26,401 - INFO - User exited the chatbot.
2025-12-20 14:36:31,853 - INFO - Loading faiss.
2025-12-20 14:36:31,867 - INFO - Successfully loaded faiss.
2025-12-20 14:36:36,018 - INFO - Loading environment variables...
2025-12-20 14:36:36,018 - INFO - Environment variables loaded successfully.
2025-12-20 14:36:36,018 - INFO - Starting to load documents from the directory...
2025-12-20 14:36:36,018 - INFO - Scanning directory for PDF files: rag-data
2025-12-20 14:36:36,018 - INFO - Found 19 PDF file(s).
2025-12-20 14:36:36,018 - INFO - Processing PDF: rag-data/ML/MulticlassAdaBoost.pdf
2025-12-20 14:36:36,162 - INFO - Successfully loaded 12 document(s) from: rag-data/ML/MulticlassAdaBoost.pdf
2025-12-20 14:36:36,162 - INFO - Processing PDF: rag-data/ML/XGBoost.pdf
2025-12-20 14:36:36,303 - INFO - Successfully loaded 13 document(s) from: rag-data/ML/XGBoost.pdf
2025-12-20 14:36:36,303 - INFO - Processing PDF: rag-data/ML/EfficientBackProp.pdf
2025-12-20 14:36:36,684 - INFO - Successfully loaded 44 document(s) from: rag-data/ML/EfficientBackProp.pdf
2025-12-20 14:36:36,684 - INFO - Processing PDF: rag-data/ML/StyleGAN.pdf
2025-12-20 14:36:36,771 - INFO - Successfully loaded 12 document(s) from: rag-data/ML/StyleGAN.pdf
2025-12-20 14:36:36,771 - INFO - Processing PDF: rag-data/ML/minka-pca.pdf
2025-12-20 14:36:36,831 - INFO - Successfully loaded 16 document(s) from: rag-data/ML/minka-pca.pdf
2025-12-20 14:36:36,831 - INFO - Processing PDF: rag-data/ML/StochasticGradientBoosting.pdf
2025-12-20 14:36:36,887 - INFO - Successfully loaded 10 document(s) from: rag-data/ML/StochasticGradientBoosting.pdf
2025-12-20 14:36:36,887 - INFO - Processing PDF: rag-data/ML/backprop_old.pdf
2025-12-20 14:36:36,889 - INFO - Successfully loaded 4 document(s) from: rag-data/ML/backprop_old.pdf
2025-12-20 14:36:36,890 - INFO - Processing PDF: rag-data/ML/LDA.pdf
2025-12-20 14:36:37,028 - INFO - Successfully loaded 30 document(s) from: rag-data/ML/LDA.pdf
2025-12-20 14:36:37,028 - INFO - Processing PDF: rag-data/ML/BERT.pdf
2025-12-20 14:36:37,122 - INFO - Successfully loaded 16 document(s) from: rag-data/ML/BERT.pdf
2025-12-20 14:36:37,122 - INFO - Processing PDF: rag-data/ML/LayerNormalization.pdf
2025-12-20 14:36:37,214 - INFO - Successfully loaded 14 document(s) from: rag-data/ML/LayerNormalization.pdf
2025-12-20 14:36:37,214 - INFO - Processing PDF: rag-data/ML/TransferVisualModels.pdf
2025-12-20 14:36:37,762 - INFO - Successfully loaded 48 document(s) from: rag-data/ML/TransferVisualModels.pdf
2025-12-20 14:36:37,762 - INFO - Processing PDF: rag-data/ML/Nofreelunch.pdf
2025-12-20 14:36:37,908 - INFO - Successfully loaded 16 document(s) from: rag-data/ML/Nofreelunch.pdf
2025-12-20 14:36:37,908 - INFO - Processing PDF: rag-data/ML/Efficientestimationofwordrep.pdf
2025-12-20 14:36:37,958 - INFO - Successfully loaded 12 document(s) from: rag-data/ML/Efficientestimationofwordrep.pdf
2025-12-20 14:36:37,958 - INFO - Processing PDF: rag-data/ML/OptimalityofNaiveBayes.pdf
2025-12-20 14:36:37,997 - INFO - Successfully loaded 6 document(s) from: rag-data/ML/OptimalityofNaiveBayes.pdf
2025-12-20 14:36:37,997 - INFO - Processing PDF: rag-data/RL/A_General_Language_Assistant_as_a_Laboratory_for_Alignment_v3.pdf
2025-12-20 14:36:38,286 - INFO - Successfully loaded 48 document(s) from: rag-data/RL/A_General_Language_Assistant_as_a_Laboratory_for_Alignment_v3.pdf
2025-12-20 14:36:38,286 - INFO - Processing PDF: rag-data/RL/NeurIPS-2020-learning-to-summarize-with-human-feedback-Paper.pdf
2025-12-20 14:36:38,370 - INFO - Successfully loaded 14 document(s) from: rag-data/RL/NeurIPS-2020-learning-to-summarize-with-human-feedback-Paper.pdf
2025-12-20 14:36:38,370 - INFO - Processing PDF: rag-data/RL/Deep_Reinforcement_Learning_from_Human_Preferencesv4.pdf
2025-12-20 14:36:38,444 - INFO - Successfully loaded 17 document(s) from: rag-data/RL/Deep_Reinforcement_Learning_from_Human_Preferencesv4.pdf
2025-12-20 14:36:38,444 - INFO - Processing PDF: rag-data/RL/Training language models to follow instructions with human feedback.pdf
2025-12-20 14:36:38,703 - INFO - Successfully loaded 68 document(s) from: rag-data/RL/Training language models to follow instructions with human feedback.pdf
2025-12-20 14:36:38,703 - INFO - Processing PDF: rag-data/RL/Proximal_Policy_Optimization_Algorithms.pdf
2025-12-20 14:36:38,870 - INFO - Successfully loaded 12 document(s) from: rag-data/RL/Proximal_Policy_Optimization_Algorithms.pdf
2025-12-20 14:36:38,870 - INFO - Completed processing. Total documents loaded: 412.
2025-12-20 14:36:38,870 - INFO - Successfully loaded 412 documents.
2025-12-20 14:36:38,870 - INFO - Splitting documents into smaller chunks...
2025-12-20 14:36:38,922 - INFO - Split documents into 1715 chunks.
2025-12-20 14:36:38,922 - INFO - Creating the vector store...
2025-12-20 14:37:34,904 - INFO - Vector store created successfully.
2025-12-20 14:37:34,905 - INFO - Initializing retriever and RAG chain...
2025-12-20 14:37:34,927 - INFO - Retriever and RAG chain initialized successfully.
2025-12-20 14:37:48,372 - ERROR - An error occurred during chatbot interaction.
Traceback (most recent call last):
  File "/Users/vedavarshita/Desktop/Git-repos/llama3.2_RAG_Application/lg_main.py", line 130, in main
    response = run_with_dspy(user_input, retriever)
  File "/Users/vedavarshita/Desktop/Git-repos/llama3.2_RAG_Application/langGraph.py", line 189, in run_with_dspy
    answer = rag_module(question, docs)
  File "/opt/anaconda3/envs/rag-application/lib/python3.13/site-packages/dspy/utils/callback.py", line 326, in sync_wrapper
    return fn(instance, *args, **kwargs)
  File "/opt/anaconda3/envs/rag-application/lib/python3.13/site-packages/dspy/primitives/module.py", line 81, in __call__
    return self.forward(*args, **kwargs)
           ~~~~~~~~~~~~^^^^^^^^^^^^^^^^^
  File "/Users/vedavarshita/Desktop/Git-repos/llama3.2_RAG_Application/langGraph.py", line 126, in forward
    prediction = self.generate_answer(context=context, question=question)
  File "/opt/anaconda3/envs/rag-application/lib/python3.13/site-packages/dspy/utils/callback.py", line 326, in sync_wrapper
    return fn(instance, *args, **kwargs)
  File "/opt/anaconda3/envs/rag-application/lib/python3.13/site-packages/dspy/primitives/module.py", line 81, in __call__
    return self.forward(*args, **kwargs)
           ~~~~~~~~~~~~^^^^^^^^^^^^^^^^^
  File "/opt/anaconda3/envs/rag-application/lib/python3.13/site-packages/dspy/predict/chain_of_thought.py", line 37, in forward
    return self.predict(**kwargs)
           ~~~~~~~~~~~~^^^^^^^^^^
  File "/opt/anaconda3/envs/rag-application/lib/python3.13/site-packages/dspy/predict/predict.py", line 103, in __call__
    return super().__call__(**kwargs)
           ~~~~~~~~~~~~~~~~^^^^^^^^^^
  File "/opt/anaconda3/envs/rag-application/lib/python3.13/site-packages/dspy/utils/callback.py", line 326, in sync_wrapper
    return fn(instance, *args, **kwargs)
  File "/opt/anaconda3/envs/rag-application/lib/python3.13/site-packages/dspy/primitives/module.py", line 81, in __call__
    return self.forward(*args, **kwargs)
           ~~~~~~~~~~~~^^^^^^^^^^^^^^^^^
  File "/opt/anaconda3/envs/rag-application/lib/python3.13/site-packages/dspy/predict/predict.py", line 183, in forward
    lm, config, signature, demos, kwargs = self._forward_preprocess(**kwargs)
                                           ~~~~~~~~~~~~~~~~~~~~~~~~^^^^^^^^^^
  File "/opt/anaconda3/envs/rag-application/lib/python3.13/site-packages/dspy/predict/predict.py", line 135, in _forward_preprocess
    raise ValueError(f"LM must be an instance of `dspy.BaseLM`, not {type(lm)}. Received `lm={lm}`.")
ValueError: LM must be an instance of `dspy.BaseLM`, not <class 'langGraph.setup_dspy.<locals>.OllamaLM'>. Received `lm=<langGraph.setup_dspy.<locals>.OllamaLM object at 0x118f952b0>`.
2025-12-20 14:38:29,592 - ERROR - An error occurred during chatbot interaction.
Traceback (most recent call last):
  File "/Users/vedavarshita/Desktop/Git-repos/llama3.2_RAG_Application/lg_main.py", line 130, in main
    response = run_with_dspy(user_input, retriever)
  File "/Users/vedavarshita/Desktop/Git-repos/llama3.2_RAG_Application/langGraph.py", line 189, in run_with_dspy
    # Use DSPy module
  File "/opt/anaconda3/envs/rag-application/lib/python3.13/site-packages/dspy/utils/callback.py", line 326, in sync_wrapper
    return fn(instance, *args, **kwargs)
  File "/opt/anaconda3/envs/rag-application/lib/python3.13/site-packages/dspy/primitives/module.py", line 81, in __call__
    return self.forward(*args, **kwargs)
           ~~~~~~~~~~~~^^^^^^^^^^^^^^^^^
  File "/Users/vedavarshita/Desktop/Git-repos/llama3.2_RAG_Application/langGraph.py", line 126, in forward
    prediction = self.generate_answer(context=context, question=question)
  File "/opt/anaconda3/envs/rag-application/lib/python3.13/site-packages/dspy/utils/callback.py", line 326, in sync_wrapper
    return fn(instance, *args, **kwargs)
  File "/opt/anaconda3/envs/rag-application/lib/python3.13/site-packages/dspy/primitives/module.py", line 81, in __call__
    return self.forward(*args, **kwargs)
           ~~~~~~~~~~~~^^^^^^^^^^^^^^^^^
  File "/opt/anaconda3/envs/rag-application/lib/python3.13/site-packages/dspy/predict/chain_of_thought.py", line 37, in forward
    return self.predict(**kwargs)
           ~~~~~~~~~~~~^^^^^^^^^^
  File "/opt/anaconda3/envs/rag-application/lib/python3.13/site-packages/dspy/predict/predict.py", line 103, in __call__
    return super().__call__(**kwargs)
           ~~~~~~~~~~~~~~~~^^^^^^^^^^
  File "/opt/anaconda3/envs/rag-application/lib/python3.13/site-packages/dspy/utils/callback.py", line 326, in sync_wrapper
    return fn(instance, *args, **kwargs)
  File "/opt/anaconda3/envs/rag-application/lib/python3.13/site-packages/dspy/primitives/module.py", line 81, in __call__
    return self.forward(*args, **kwargs)
           ~~~~~~~~~~~~^^^^^^^^^^^^^^^^^
  File "/opt/anaconda3/envs/rag-application/lib/python3.13/site-packages/dspy/predict/predict.py", line 183, in forward
    lm, config, signature, demos, kwargs = self._forward_preprocess(**kwargs)
                                           ~~~~~~~~~~~~~~~~~~~~~~~~^^^^^^^^^^
  File "/opt/anaconda3/envs/rag-application/lib/python3.13/site-packages/dspy/predict/predict.py", line 135, in _forward_preprocess
    raise ValueError(f"LM must be an instance of `dspy.BaseLM`, not {type(lm)}. Received `lm={lm}`.")
ValueError: LM must be an instance of `dspy.BaseLM`, not <class 'langGraph.setup_dspy.<locals>.OllamaLM'>. Received `lm=<langGraph.setup_dspy.<locals>.OllamaLM object at 0x118f952b0>`.
2025-12-20 14:38:31,552 - INFO - User exited the chatbot.
2025-12-20 14:38:37,613 - INFO - Loading faiss.
2025-12-20 14:38:37,627 - INFO - Successfully loaded faiss.
2025-12-20 14:38:41,829 - INFO - Loading environment variables...
2025-12-20 14:38:41,830 - INFO - Environment variables loaded successfully.
2025-12-20 14:38:41,830 - INFO - Starting to load documents from the directory...
2025-12-20 14:38:41,830 - INFO - Scanning directory for PDF files: rag-data
2025-12-20 14:38:41,830 - INFO - Found 19 PDF file(s).
2025-12-20 14:38:41,830 - INFO - Processing PDF: rag-data/ML/MulticlassAdaBoost.pdf
2025-12-20 14:38:41,973 - INFO - Successfully loaded 12 document(s) from: rag-data/ML/MulticlassAdaBoost.pdf
2025-12-20 14:38:41,973 - INFO - Processing PDF: rag-data/ML/XGBoost.pdf
2025-12-20 14:38:42,112 - INFO - Successfully loaded 13 document(s) from: rag-data/ML/XGBoost.pdf
2025-12-20 14:38:42,113 - INFO - Processing PDF: rag-data/ML/EfficientBackProp.pdf
2025-12-20 14:38:42,497 - INFO - Successfully loaded 44 document(s) from: rag-data/ML/EfficientBackProp.pdf
2025-12-20 14:38:42,497 - INFO - Processing PDF: rag-data/ML/StyleGAN.pdf
2025-12-20 14:38:42,585 - INFO - Successfully loaded 12 document(s) from: rag-data/ML/StyleGAN.pdf
2025-12-20 14:38:42,585 - INFO - Processing PDF: rag-data/ML/minka-pca.pdf
2025-12-20 14:38:42,648 - INFO - Successfully loaded 16 document(s) from: rag-data/ML/minka-pca.pdf
2025-12-20 14:38:42,648 - INFO - Processing PDF: rag-data/ML/StochasticGradientBoosting.pdf
2025-12-20 14:38:42,705 - INFO - Successfully loaded 10 document(s) from: rag-data/ML/StochasticGradientBoosting.pdf
2025-12-20 14:38:42,705 - INFO - Processing PDF: rag-data/ML/backprop_old.pdf
2025-12-20 14:38:42,707 - INFO - Successfully loaded 4 document(s) from: rag-data/ML/backprop_old.pdf
2025-12-20 14:38:42,707 - INFO - Processing PDF: rag-data/ML/LDA.pdf
2025-12-20 14:38:42,850 - INFO - Successfully loaded 30 document(s) from: rag-data/ML/LDA.pdf
2025-12-20 14:38:42,850 - INFO - Processing PDF: rag-data/ML/BERT.pdf
2025-12-20 14:38:42,945 - INFO - Successfully loaded 16 document(s) from: rag-data/ML/BERT.pdf
2025-12-20 14:38:42,945 - INFO - Processing PDF: rag-data/ML/LayerNormalization.pdf
2025-12-20 14:38:43,038 - INFO - Successfully loaded 14 document(s) from: rag-data/ML/LayerNormalization.pdf
2025-12-20 14:38:43,038 - INFO - Processing PDF: rag-data/ML/TransferVisualModels.pdf
2025-12-20 14:38:43,584 - INFO - Successfully loaded 48 document(s) from: rag-data/ML/TransferVisualModels.pdf
2025-12-20 14:38:43,584 - INFO - Processing PDF: rag-data/ML/Nofreelunch.pdf
2025-12-20 14:38:43,763 - INFO - Successfully loaded 16 document(s) from: rag-data/ML/Nofreelunch.pdf
2025-12-20 14:38:43,763 - INFO - Processing PDF: rag-data/ML/Efficientestimationofwordrep.pdf
2025-12-20 14:38:43,814 - INFO - Successfully loaded 12 document(s) from: rag-data/ML/Efficientestimationofwordrep.pdf
2025-12-20 14:38:43,814 - INFO - Processing PDF: rag-data/ML/OptimalityofNaiveBayes.pdf
2025-12-20 14:38:43,854 - INFO - Successfully loaded 6 document(s) from: rag-data/ML/OptimalityofNaiveBayes.pdf
2025-12-20 14:38:43,854 - INFO - Processing PDF: rag-data/RL/A_General_Language_Assistant_as_a_Laboratory_for_Alignment_v3.pdf
2025-12-20 14:38:44,178 - INFO - Successfully loaded 48 document(s) from: rag-data/RL/A_General_Language_Assistant_as_a_Laboratory_for_Alignment_v3.pdf
2025-12-20 14:38:44,178 - INFO - Processing PDF: rag-data/RL/NeurIPS-2020-learning-to-summarize-with-human-feedback-Paper.pdf
2025-12-20 14:38:44,373 - INFO - Successfully loaded 14 document(s) from: rag-data/RL/NeurIPS-2020-learning-to-summarize-with-human-feedback-Paper.pdf
2025-12-20 14:38:44,373 - INFO - Processing PDF: rag-data/RL/Deep_Reinforcement_Learning_from_Human_Preferencesv4.pdf
2025-12-20 14:38:44,448 - INFO - Successfully loaded 17 document(s) from: rag-data/RL/Deep_Reinforcement_Learning_from_Human_Preferencesv4.pdf
2025-12-20 14:38:44,448 - INFO - Processing PDF: rag-data/RL/Training language models to follow instructions with human feedback.pdf
2025-12-20 14:38:44,712 - INFO - Successfully loaded 68 document(s) from: rag-data/RL/Training language models to follow instructions with human feedback.pdf
2025-12-20 14:38:44,712 - INFO - Processing PDF: rag-data/RL/Proximal_Policy_Optimization_Algorithms.pdf
2025-12-20 14:38:44,886 - INFO - Successfully loaded 12 document(s) from: rag-data/RL/Proximal_Policy_Optimization_Algorithms.pdf
2025-12-20 14:38:44,886 - INFO - Completed processing. Total documents loaded: 412.
2025-12-20 14:38:44,886 - INFO - Successfully loaded 412 documents.
2025-12-20 14:38:44,886 - INFO - Splitting documents into smaller chunks...
2025-12-20 14:38:44,939 - INFO - Split documents into 1715 chunks.
2025-12-20 14:38:44,939 - INFO - Creating the vector store...
2025-12-20 14:39:40,854 - INFO - Vector store created successfully.
2025-12-20 14:39:40,855 - INFO - Initializing retriever and RAG chain...
2025-12-20 14:39:40,876 - INFO - Retriever and RAG chain initialized successfully.
2025-12-20 14:39:51,364 - ERROR - An error occurred during chatbot interaction.
Traceback (most recent call last):
  File "/opt/anaconda3/envs/rag-application/lib/python3.13/site-packages/dspy/adapters/chat_adapter.py", line 38, in __call__
    return super().__call__(lm, lm_kwargs, signature, demos, inputs)
           ~~~~~~~~~~~~~~~~^^^^^^^^^^^^^^^^^^^^^^^^^^^^^^^^^^^^^^^^^
  File "/opt/anaconda3/envs/rag-application/lib/python3.13/site-packages/dspy/adapters/base.py", line 198, in __call__
    outputs = lm(messages=inputs, **lm_kwargs)
TypeError: setup_dspy.<locals>.OllamaLM.__call__() missing 1 required positional argument: 'prompt'

During handling of the above exception, another exception occurred:

Traceback (most recent call last):
  File "/Users/vedavarshita/Desktop/Git-repos/llama3.2_RAG_Application/lg_main.py", line 130, in main
    response = run_with_dspy(user_input, retriever)
  File "/Users/vedavarshita/Desktop/Git-repos/llama3.2_RAG_Application/langGraph.py", line 191, in run_with_dspy
    answer = rag_module(question, docs)
  File "/opt/anaconda3/envs/rag-application/lib/python3.13/site-packages/dspy/utils/callback.py", line 326, in sync_wrapper
    return fn(instance, *args, **kwargs)
  File "/opt/anaconda3/envs/rag-application/lib/python3.13/site-packages/dspy/primitives/module.py", line 81, in __call__
    return self.forward(*args, **kwargs)
           ~~~~~~~~~~~~^^^^^^^^^^^^^^^^^
  File "/Users/vedavarshita/Desktop/Git-repos/llama3.2_RAG_Application/langGraph.py", line 126, in forward
    prediction = self.generate_answer(context=context, question=question)
  File "/opt/anaconda3/envs/rag-application/lib/python3.13/site-packages/dspy/utils/callback.py", line 326, in sync_wrapper
    return fn(instance, *args, **kwargs)
  File "/opt/anaconda3/envs/rag-application/lib/python3.13/site-packages/dspy/primitives/module.py", line 81, in __call__
    return self.forward(*args, **kwargs)
           ~~~~~~~~~~~~^^^^^^^^^^^^^^^^^
  File "/opt/anaconda3/envs/rag-application/lib/python3.13/site-packages/dspy/predict/chain_of_thought.py", line 37, in forward
    return self.predict(**kwargs)
           ~~~~~~~~~~~~^^^^^^^^^^
  File "/opt/anaconda3/envs/rag-application/lib/python3.13/site-packages/dspy/predict/predict.py", line 103, in __call__
    return super().__call__(**kwargs)
           ~~~~~~~~~~~~~~~~^^^^^^^^^^
  File "/opt/anaconda3/envs/rag-application/lib/python3.13/site-packages/dspy/utils/callback.py", line 326, in sync_wrapper
    return fn(instance, *args, **kwargs)
  File "/opt/anaconda3/envs/rag-application/lib/python3.13/site-packages/dspy/primitives/module.py", line 81, in __call__
    return self.forward(*args, **kwargs)
           ~~~~~~~~~~~~^^^^^^^^^^^^^^^^^
  File "/opt/anaconda3/envs/rag-application/lib/python3.13/site-packages/dspy/predict/predict.py", line 192, in forward
    completions = adapter(lm, lm_kwargs=config, signature=signature, demos=demos, inputs=kwargs)
  File "/opt/anaconda3/envs/rag-application/lib/python3.13/site-packages/dspy/adapters/chat_adapter.py", line 47, in __call__
    return JSONAdapter()(lm, lm_kwargs, signature, demos, inputs)
           ~~~~~~~~~~~~~^^^^^^^^^^^^^^^^^^^^^^^^^^^^^^^^^^^^^^^^^
  File "/opt/anaconda3/envs/rag-application/lib/python3.13/site-packages/dspy/adapters/json_adapter.py", line 73, in __call__
    result = self._json_adapter_call_common(lm, lm_kwargs, signature, demos, inputs, super().__call__)
  File "/opt/anaconda3/envs/rag-application/lib/python3.13/site-packages/dspy/adapters/json_adapter.py", line 52, in _json_adapter_call_common
    return call_fn(lm, lm_kwargs, signature, demos, inputs)
  File "/opt/anaconda3/envs/rag-application/lib/python3.13/site-packages/dspy/adapters/chat_adapter.py", line 46, in __call__
    raise e
  File "/opt/anaconda3/envs/rag-application/lib/python3.13/site-packages/dspy/adapters/chat_adapter.py", line 38, in __call__
    return super().__call__(lm, lm_kwargs, signature, demos, inputs)
           ~~~~~~~~~~~~~~~~^^^^^^^^^^^^^^^^^^^^^^^^^^^^^^^^^^^^^^^^^
  File "/opt/anaconda3/envs/rag-application/lib/python3.13/site-packages/dspy/adapters/base.py", line 198, in __call__
    outputs = lm(messages=inputs, **lm_kwargs)
TypeError: setup_dspy.<locals>.OllamaLM.__call__() missing 1 required positional argument: 'prompt'
2025-12-20 14:40:33,084 - INFO - User exited the chatbot.
2025-12-20 14:40:38,148 - INFO - Loading faiss.
2025-12-20 14:40:38,163 - INFO - Successfully loaded faiss.
2025-12-20 14:40:42,175 - INFO - Loading environment variables...
2025-12-20 14:40:42,175 - INFO - Environment variables loaded successfully.
2025-12-20 14:40:42,175 - INFO - Starting to load documents from the directory...
2025-12-20 14:40:42,175 - INFO - Scanning directory for PDF files: rag-data
2025-12-20 14:40:42,176 - INFO - Found 19 PDF file(s).
2025-12-20 14:40:42,176 - INFO - Processing PDF: rag-data/ML/MulticlassAdaBoost.pdf
2025-12-20 14:40:42,318 - INFO - Successfully loaded 12 document(s) from: rag-data/ML/MulticlassAdaBoost.pdf
2025-12-20 14:40:42,318 - INFO - Processing PDF: rag-data/ML/XGBoost.pdf
2025-12-20 14:40:42,456 - INFO - Successfully loaded 13 document(s) from: rag-data/ML/XGBoost.pdf
2025-12-20 14:40:42,456 - INFO - Processing PDF: rag-data/ML/EfficientBackProp.pdf
2025-12-20 14:40:42,836 - INFO - Successfully loaded 44 document(s) from: rag-data/ML/EfficientBackProp.pdf
2025-12-20 14:40:42,836 - INFO - Processing PDF: rag-data/ML/StyleGAN.pdf
2025-12-20 14:40:42,924 - INFO - Successfully loaded 12 document(s) from: rag-data/ML/StyleGAN.pdf
2025-12-20 14:40:42,924 - INFO - Processing PDF: rag-data/ML/minka-pca.pdf
2025-12-20 14:40:42,984 - INFO - Successfully loaded 16 document(s) from: rag-data/ML/minka-pca.pdf
2025-12-20 14:40:42,984 - INFO - Processing PDF: rag-data/ML/StochasticGradientBoosting.pdf
2025-12-20 14:40:43,038 - INFO - Successfully loaded 10 document(s) from: rag-data/ML/StochasticGradientBoosting.pdf
2025-12-20 14:40:43,038 - INFO - Processing PDF: rag-data/ML/backprop_old.pdf
2025-12-20 14:40:43,040 - INFO - Successfully loaded 4 document(s) from: rag-data/ML/backprop_old.pdf
2025-12-20 14:40:43,040 - INFO - Processing PDF: rag-data/ML/LDA.pdf
2025-12-20 14:40:43,179 - INFO - Successfully loaded 30 document(s) from: rag-data/ML/LDA.pdf
2025-12-20 14:40:43,179 - INFO - Processing PDF: rag-data/ML/BERT.pdf
2025-12-20 14:40:43,275 - INFO - Successfully loaded 16 document(s) from: rag-data/ML/BERT.pdf
2025-12-20 14:40:43,275 - INFO - Processing PDF: rag-data/ML/LayerNormalization.pdf
2025-12-20 14:40:43,366 - INFO - Successfully loaded 14 document(s) from: rag-data/ML/LayerNormalization.pdf
2025-12-20 14:40:43,366 - INFO - Processing PDF: rag-data/ML/TransferVisualModels.pdf
2025-12-20 14:40:43,916 - INFO - Successfully loaded 48 document(s) from: rag-data/ML/TransferVisualModels.pdf
2025-12-20 14:40:43,916 - INFO - Processing PDF: rag-data/ML/Nofreelunch.pdf
2025-12-20 14:40:44,060 - INFO - Successfully loaded 16 document(s) from: rag-data/ML/Nofreelunch.pdf
2025-12-20 14:40:44,060 - INFO - Processing PDF: rag-data/ML/Efficientestimationofwordrep.pdf
2025-12-20 14:40:44,113 - INFO - Successfully loaded 12 document(s) from: rag-data/ML/Efficientestimationofwordrep.pdf
2025-12-20 14:40:44,114 - INFO - Processing PDF: rag-data/ML/OptimalityofNaiveBayes.pdf
2025-12-20 14:40:44,152 - INFO - Successfully loaded 6 document(s) from: rag-data/ML/OptimalityofNaiveBayes.pdf
2025-12-20 14:40:44,152 - INFO - Processing PDF: rag-data/RL/A_General_Language_Assistant_as_a_Laboratory_for_Alignment_v3.pdf
2025-12-20 14:40:44,443 - INFO - Successfully loaded 48 document(s) from: rag-data/RL/A_General_Language_Assistant_as_a_Laboratory_for_Alignment_v3.pdf
2025-12-20 14:40:44,443 - INFO - Processing PDF: rag-data/RL/NeurIPS-2020-learning-to-summarize-with-human-feedback-Paper.pdf
2025-12-20 14:40:44,526 - INFO - Successfully loaded 14 document(s) from: rag-data/RL/NeurIPS-2020-learning-to-summarize-with-human-feedback-Paper.pdf
2025-12-20 14:40:44,526 - INFO - Processing PDF: rag-data/RL/Deep_Reinforcement_Learning_from_Human_Preferencesv4.pdf
2025-12-20 14:40:44,603 - INFO - Successfully loaded 17 document(s) from: rag-data/RL/Deep_Reinforcement_Learning_from_Human_Preferencesv4.pdf
2025-12-20 14:40:44,603 - INFO - Processing PDF: rag-data/RL/Training language models to follow instructions with human feedback.pdf
2025-12-20 14:40:44,859 - INFO - Successfully loaded 68 document(s) from: rag-data/RL/Training language models to follow instructions with human feedback.pdf
2025-12-20 14:40:44,859 - INFO - Processing PDF: rag-data/RL/Proximal_Policy_Optimization_Algorithms.pdf
2025-12-20 14:40:45,028 - INFO - Successfully loaded 12 document(s) from: rag-data/RL/Proximal_Policy_Optimization_Algorithms.pdf
2025-12-20 14:40:45,028 - INFO - Completed processing. Total documents loaded: 412.
2025-12-20 14:40:45,028 - INFO - Successfully loaded 412 documents.
2025-12-20 14:40:45,028 - INFO - Splitting documents into smaller chunks...
2025-12-20 14:40:45,080 - INFO - Split documents into 1715 chunks.
2025-12-20 14:40:45,080 - INFO - Creating the vector store...
2025-12-20 14:41:41,116 - INFO - Vector store created successfully.
2025-12-20 14:41:41,117 - INFO - Initializing retriever and RAG chain...
2025-12-20 14:41:41,137 - INFO - Retriever and RAG chain initialized successfully.
2025-12-20 14:42:57,412 - ERROR - An error occurred during chatbot interaction.
Traceback (most recent call last):
  File "/opt/anaconda3/envs/rag-application/lib/python3.13/site-packages/dspy/adapters/chat_adapter.py", line 38, in __call__
    return super().__call__(lm, lm_kwargs, signature, demos, inputs)
           ~~~~~~~~~~~~~~~~^^^^^^^^^^^^^^^^^^^^^^^^^^^^^^^^^^^^^^^^^
  File "/opt/anaconda3/envs/rag-application/lib/python3.13/site-packages/dspy/adapters/base.py", line 199, in __call__
    return self._call_postprocess(processed_signature, signature, outputs, lm)
           ~~~~~~~~~~~~~~~~~~~~~~^^^^^^^^^^^^^^^^^^^^^^^^^^^^^^^^^^^^^^^^^^^^^
  File "/opt/anaconda3/envs/rag-application/lib/python3.13/site-packages/dspy/adapters/base.py", line 135, in _call_postprocess
    value = self.parse(processed_signature, text)
  File "/opt/anaconda3/envs/rag-application/lib/python3.13/site-packages/dspy/utils/callback.py", line 326, in sync_wrapper
    return fn(instance, *args, **kwargs)
  File "/opt/anaconda3/envs/rag-application/lib/python3.13/site-packages/dspy/adapters/chat_adapter.py", line 197, in parse
    raise AdapterParseError(
    ...<4 lines>...
    )
dspy.utils.exceptions.AdapterParseError: Adapter ChatAdapter failed to parse the LM response. 

LM Response: I 

Expected to find output fields in the LM response: [reasoning, answer] 

Actual output fields parsed from the LM response: [] 



During handling of the above exception, another exception occurred:

Traceback (most recent call last):
  File "/Users/vedavarshita/Desktop/Git-repos/llama3.2_RAG_Application/lg_main.py", line 130, in main
    response = run_with_dspy(user_input, retriever)
  File "/Users/vedavarshita/Desktop/Git-repos/llama3.2_RAG_Application/langGraph.py", line 197, in run_with_dspy
    answer = rag_module(question, docs)
  File "/opt/anaconda3/envs/rag-application/lib/python3.13/site-packages/dspy/utils/callback.py", line 326, in sync_wrapper
    return fn(instance, *args, **kwargs)
  File "/opt/anaconda3/envs/rag-application/lib/python3.13/site-packages/dspy/primitives/module.py", line 81, in __call__
    return self.forward(*args, **kwargs)
           ~~~~~~~~~~~~^^^^^^^^^^^^^^^^^
  File "/Users/vedavarshita/Desktop/Git-repos/llama3.2_RAG_Application/langGraph.py", line 126, in forward
    prediction = self.generate_answer(context=context, question=question)
  File "/opt/anaconda3/envs/rag-application/lib/python3.13/site-packages/dspy/utils/callback.py", line 326, in sync_wrapper
    return fn(instance, *args, **kwargs)
  File "/opt/anaconda3/envs/rag-application/lib/python3.13/site-packages/dspy/primitives/module.py", line 81, in __call__
    return self.forward(*args, **kwargs)
           ~~~~~~~~~~~~^^^^^^^^^^^^^^^^^
  File "/opt/anaconda3/envs/rag-application/lib/python3.13/site-packages/dspy/predict/chain_of_thought.py", line 37, in forward
    return self.predict(**kwargs)
           ~~~~~~~~~~~~^^^^^^^^^^
  File "/opt/anaconda3/envs/rag-application/lib/python3.13/site-packages/dspy/predict/predict.py", line 103, in __call__
    return super().__call__(**kwargs)
           ~~~~~~~~~~~~~~~~^^^^^^^^^^
  File "/opt/anaconda3/envs/rag-application/lib/python3.13/site-packages/dspy/utils/callback.py", line 326, in sync_wrapper
    return fn(instance, *args, **kwargs)
  File "/opt/anaconda3/envs/rag-application/lib/python3.13/site-packages/dspy/primitives/module.py", line 81, in __call__
    return self.forward(*args, **kwargs)
           ~~~~~~~~~~~~^^^^^^^^^^^^^^^^^
  File "/opt/anaconda3/envs/rag-application/lib/python3.13/site-packages/dspy/predict/predict.py", line 192, in forward
    completions = adapter(lm, lm_kwargs=config, signature=signature, demos=demos, inputs=kwargs)
  File "/opt/anaconda3/envs/rag-application/lib/python3.13/site-packages/dspy/adapters/chat_adapter.py", line 47, in __call__
    return JSONAdapter()(lm, lm_kwargs, signature, demos, inputs)
           ~~~~~~~~~~~~~^^^^^^^^^^^^^^^^^^^^^^^^^^^^^^^^^^^^^^^^^
  File "/opt/anaconda3/envs/rag-application/lib/python3.13/site-packages/dspy/adapters/json_adapter.py", line 73, in __call__
    result = self._json_adapter_call_common(lm, lm_kwargs, signature, demos, inputs, super().__call__)
  File "/opt/anaconda3/envs/rag-application/lib/python3.13/site-packages/dspy/adapters/json_adapter.py", line 52, in _json_adapter_call_common
    return call_fn(lm, lm_kwargs, signature, demos, inputs)
  File "/opt/anaconda3/envs/rag-application/lib/python3.13/site-packages/dspy/adapters/chat_adapter.py", line 46, in __call__
    raise e
  File "/opt/anaconda3/envs/rag-application/lib/python3.13/site-packages/dspy/adapters/chat_adapter.py", line 38, in __call__
    return super().__call__(lm, lm_kwargs, signature, demos, inputs)
           ~~~~~~~~~~~~~~~~^^^^^^^^^^^^^^^^^^^^^^^^^^^^^^^^^^^^^^^^^
  File "/opt/anaconda3/envs/rag-application/lib/python3.13/site-packages/dspy/adapters/base.py", line 199, in __call__
    return self._call_postprocess(processed_signature, signature, outputs, lm)
           ~~~~~~~~~~~~~~~~~~~~~~^^^^^^^^^^^^^^^^^^^^^^^^^^^^^^^^^^^^^^^^^^^^^
  File "/opt/anaconda3/envs/rag-application/lib/python3.13/site-packages/dspy/adapters/base.py", line 135, in _call_postprocess
    value = self.parse(processed_signature, text)
  File "/opt/anaconda3/envs/rag-application/lib/python3.13/site-packages/dspy/utils/callback.py", line 326, in sync_wrapper
    return fn(instance, *args, **kwargs)
  File "/opt/anaconda3/envs/rag-application/lib/python3.13/site-packages/dspy/adapters/json_adapter.py", line 161, in parse
    raise AdapterParseError(
    ...<4 lines>...
    )
dspy.utils.exceptions.AdapterParseError: LM response cannot be serialized to a JSON object.

Adapter JSONAdapter failed to parse the LM response. 

LM Response: I 

Expected to find output fields in the LM response: [reasoning, answer] 


2025-12-20 14:44:01,312 - INFO - User exited the chatbot.
2025-12-20 14:44:10,961 - INFO - Loading faiss.
2025-12-20 14:44:10,974 - INFO - Successfully loaded faiss.
2025-12-20 14:44:15,878 - INFO - Loading environment variables...
2025-12-20 14:44:15,878 - INFO - Environment variables loaded successfully.
2025-12-20 14:44:15,878 - INFO - Starting to load documents from the directory...
2025-12-20 14:44:15,878 - INFO - Scanning directory for PDF files: rag-data
2025-12-20 14:44:15,878 - INFO - Found 19 PDF file(s).
2025-12-20 14:44:15,878 - INFO - Processing PDF: rag-data/ML/MulticlassAdaBoost.pdf
2025-12-20 14:44:16,063 - INFO - Successfully loaded 12 document(s) from: rag-data/ML/MulticlassAdaBoost.pdf
2025-12-20 14:44:16,063 - INFO - Processing PDF: rag-data/ML/XGBoost.pdf
2025-12-20 14:44:16,206 - INFO - Successfully loaded 13 document(s) from: rag-data/ML/XGBoost.pdf
2025-12-20 14:44:16,206 - INFO - Processing PDF: rag-data/ML/EfficientBackProp.pdf
2025-12-20 14:44:16,590 - INFO - Successfully loaded 44 document(s) from: rag-data/ML/EfficientBackProp.pdf
2025-12-20 14:44:16,590 - INFO - Processing PDF: rag-data/ML/StyleGAN.pdf
2025-12-20 14:44:16,680 - INFO - Successfully loaded 12 document(s) from: rag-data/ML/StyleGAN.pdf
2025-12-20 14:44:16,680 - INFO - Processing PDF: rag-data/ML/minka-pca.pdf
2025-12-20 14:44:16,743 - INFO - Successfully loaded 16 document(s) from: rag-data/ML/minka-pca.pdf
2025-12-20 14:44:16,743 - INFO - Processing PDF: rag-data/ML/StochasticGradientBoosting.pdf
2025-12-20 14:44:16,801 - INFO - Successfully loaded 10 document(s) from: rag-data/ML/StochasticGradientBoosting.pdf
2025-12-20 14:44:16,801 - INFO - Processing PDF: rag-data/ML/backprop_old.pdf
2025-12-20 14:44:16,803 - INFO - Successfully loaded 4 document(s) from: rag-data/ML/backprop_old.pdf
2025-12-20 14:44:16,803 - INFO - Processing PDF: rag-data/ML/LDA.pdf
2025-12-20 14:44:16,950 - INFO - Successfully loaded 30 document(s) from: rag-data/ML/LDA.pdf
2025-12-20 14:44:16,950 - INFO - Processing PDF: rag-data/ML/BERT.pdf
2025-12-20 14:44:17,052 - INFO - Successfully loaded 16 document(s) from: rag-data/ML/BERT.pdf
2025-12-20 14:44:17,052 - INFO - Processing PDF: rag-data/ML/LayerNormalization.pdf
2025-12-20 14:44:17,147 - INFO - Successfully loaded 14 document(s) from: rag-data/ML/LayerNormalization.pdf
2025-12-20 14:44:17,147 - INFO - Processing PDF: rag-data/ML/TransferVisualModels.pdf
2025-12-20 14:44:17,704 - INFO - Successfully loaded 48 document(s) from: rag-data/ML/TransferVisualModels.pdf
2025-12-20 14:44:17,704 - INFO - Processing PDF: rag-data/ML/Nofreelunch.pdf
2025-12-20 14:44:17,852 - INFO - Successfully loaded 16 document(s) from: rag-data/ML/Nofreelunch.pdf
2025-12-20 14:44:17,852 - INFO - Processing PDF: rag-data/ML/Efficientestimationofwordrep.pdf
2025-12-20 14:44:17,905 - INFO - Successfully loaded 12 document(s) from: rag-data/ML/Efficientestimationofwordrep.pdf
2025-12-20 14:44:17,905 - INFO - Processing PDF: rag-data/ML/OptimalityofNaiveBayes.pdf
2025-12-20 14:44:17,945 - INFO - Successfully loaded 6 document(s) from: rag-data/ML/OptimalityofNaiveBayes.pdf
2025-12-20 14:44:17,945 - INFO - Processing PDF: rag-data/RL/A_General_Language_Assistant_as_a_Laboratory_for_Alignment_v3.pdf
2025-12-20 14:44:18,244 - INFO - Successfully loaded 48 document(s) from: rag-data/RL/A_General_Language_Assistant_as_a_Laboratory_for_Alignment_v3.pdf
2025-12-20 14:44:18,244 - INFO - Processing PDF: rag-data/RL/NeurIPS-2020-learning-to-summarize-with-human-feedback-Paper.pdf
2025-12-20 14:44:18,330 - INFO - Successfully loaded 14 document(s) from: rag-data/RL/NeurIPS-2020-learning-to-summarize-with-human-feedback-Paper.pdf
2025-12-20 14:44:18,330 - INFO - Processing PDF: rag-data/RL/Deep_Reinforcement_Learning_from_Human_Preferencesv4.pdf
2025-12-20 14:44:18,406 - INFO - Successfully loaded 17 document(s) from: rag-data/RL/Deep_Reinforcement_Learning_from_Human_Preferencesv4.pdf
2025-12-20 14:44:18,406 - INFO - Processing PDF: rag-data/RL/Training language models to follow instructions with human feedback.pdf
2025-12-20 14:44:18,669 - INFO - Successfully loaded 68 document(s) from: rag-data/RL/Training language models to follow instructions with human feedback.pdf
2025-12-20 14:44:18,669 - INFO - Processing PDF: rag-data/RL/Proximal_Policy_Optimization_Algorithms.pdf
2025-12-20 14:44:18,838 - INFO - Successfully loaded 12 document(s) from: rag-data/RL/Proximal_Policy_Optimization_Algorithms.pdf
2025-12-20 14:44:18,839 - INFO - Completed processing. Total documents loaded: 412.
2025-12-20 14:44:18,839 - INFO - Successfully loaded 412 documents.
2025-12-20 14:44:18,839 - INFO - Splitting documents into smaller chunks...
2025-12-20 14:44:18,891 - INFO - Split documents into 1715 chunks.
2025-12-20 14:44:18,891 - INFO - Creating the vector store...
2025-12-20 14:45:18,120 - INFO - Vector store created successfully.
2025-12-20 14:45:18,121 - INFO - Initializing retriever and RAG chain...
2025-12-20 14:45:18,141 - INFO - Retriever and RAG chain initialized successfully.
2025-12-20 14:48:03,215 - INFO - Processed user question successfully.
2025-12-20 14:49:17,857 - INFO - User exited the chatbot.
2025-12-20 14:49:29,096 - INFO - Loading faiss.
2025-12-20 14:49:29,123 - INFO - Successfully loaded faiss.
2025-12-20 14:49:33,453 - INFO - Loading environment variables...
2025-12-20 14:49:33,454 - INFO - Environment variables loaded successfully.
2025-12-20 14:49:33,454 - INFO - Starting to load documents from the directory...
2025-12-20 14:49:33,454 - INFO - Scanning directory for PDF files: rag-data
2025-12-20 14:49:33,454 - INFO - Found 19 PDF file(s).
2025-12-20 14:49:33,454 - INFO - Processing PDF: rag-data/ML/MulticlassAdaBoost.pdf
2025-12-20 14:49:33,647 - INFO - Successfully loaded 12 document(s) from: rag-data/ML/MulticlassAdaBoost.pdf
2025-12-20 14:49:33,648 - INFO - Processing PDF: rag-data/ML/XGBoost.pdf
2025-12-20 14:49:33,790 - INFO - Successfully loaded 13 document(s) from: rag-data/ML/XGBoost.pdf
2025-12-20 14:49:33,791 - INFO - Processing PDF: rag-data/ML/EfficientBackProp.pdf
2025-12-20 14:49:34,179 - INFO - Successfully loaded 44 document(s) from: rag-data/ML/EfficientBackProp.pdf
2025-12-20 14:49:34,179 - INFO - Processing PDF: rag-data/ML/StyleGAN.pdf
2025-12-20 14:49:34,268 - INFO - Successfully loaded 12 document(s) from: rag-data/ML/StyleGAN.pdf
2025-12-20 14:49:34,268 - INFO - Processing PDF: rag-data/ML/minka-pca.pdf
2025-12-20 14:49:34,330 - INFO - Successfully loaded 16 document(s) from: rag-data/ML/minka-pca.pdf
2025-12-20 14:49:34,330 - INFO - Processing PDF: rag-data/ML/StochasticGradientBoosting.pdf
2025-12-20 14:49:34,387 - INFO - Successfully loaded 10 document(s) from: rag-data/ML/StochasticGradientBoosting.pdf
2025-12-20 14:49:34,387 - INFO - Processing PDF: rag-data/ML/backprop_old.pdf
2025-12-20 14:49:34,389 - INFO - Successfully loaded 4 document(s) from: rag-data/ML/backprop_old.pdf
2025-12-20 14:49:34,389 - INFO - Processing PDF: rag-data/ML/LDA.pdf
2025-12-20 14:49:34,532 - INFO - Successfully loaded 30 document(s) from: rag-data/ML/LDA.pdf
2025-12-20 14:49:34,532 - INFO - Processing PDF: rag-data/ML/BERT.pdf
2025-12-20 14:49:34,628 - INFO - Successfully loaded 16 document(s) from: rag-data/ML/BERT.pdf
2025-12-20 14:49:34,628 - INFO - Processing PDF: rag-data/ML/LayerNormalization.pdf
2025-12-20 14:49:34,719 - INFO - Successfully loaded 14 document(s) from: rag-data/ML/LayerNormalization.pdf
2025-12-20 14:49:34,719 - INFO - Processing PDF: rag-data/ML/TransferVisualModels.pdf
2025-12-20 14:49:35,269 - INFO - Successfully loaded 48 document(s) from: rag-data/ML/TransferVisualModels.pdf
2025-12-20 14:49:35,269 - INFO - Processing PDF: rag-data/ML/Nofreelunch.pdf
2025-12-20 14:49:35,419 - INFO - Successfully loaded 16 document(s) from: rag-data/ML/Nofreelunch.pdf
2025-12-20 14:49:35,419 - INFO - Processing PDF: rag-data/ML/Efficientestimationofwordrep.pdf
2025-12-20 14:49:35,469 - INFO - Successfully loaded 12 document(s) from: rag-data/ML/Efficientestimationofwordrep.pdf
2025-12-20 14:49:35,469 - INFO - Processing PDF: rag-data/ML/OptimalityofNaiveBayes.pdf
2025-12-20 14:49:35,508 - INFO - Successfully loaded 6 document(s) from: rag-data/ML/OptimalityofNaiveBayes.pdf
2025-12-20 14:49:35,508 - INFO - Processing PDF: rag-data/RL/A_General_Language_Assistant_as_a_Laboratory_for_Alignment_v3.pdf
2025-12-20 14:49:35,805 - INFO - Successfully loaded 48 document(s) from: rag-data/RL/A_General_Language_Assistant_as_a_Laboratory_for_Alignment_v3.pdf
2025-12-20 14:49:35,805 - INFO - Processing PDF: rag-data/RL/NeurIPS-2020-learning-to-summarize-with-human-feedback-Paper.pdf
2025-12-20 14:49:35,890 - INFO - Successfully loaded 14 document(s) from: rag-data/RL/NeurIPS-2020-learning-to-summarize-with-human-feedback-Paper.pdf
2025-12-20 14:49:35,890 - INFO - Processing PDF: rag-data/RL/Deep_Reinforcement_Learning_from_Human_Preferencesv4.pdf
2025-12-20 14:49:35,967 - INFO - Successfully loaded 17 document(s) from: rag-data/RL/Deep_Reinforcement_Learning_from_Human_Preferencesv4.pdf
2025-12-20 14:49:35,967 - INFO - Processing PDF: rag-data/RL/Training language models to follow instructions with human feedback.pdf
2025-12-20 14:49:36,231 - INFO - Successfully loaded 68 document(s) from: rag-data/RL/Training language models to follow instructions with human feedback.pdf
2025-12-20 14:49:36,231 - INFO - Processing PDF: rag-data/RL/Proximal_Policy_Optimization_Algorithms.pdf
2025-12-20 14:49:36,402 - INFO - Successfully loaded 12 document(s) from: rag-data/RL/Proximal_Policy_Optimization_Algorithms.pdf
2025-12-20 14:49:36,402 - INFO - Completed processing. Total documents loaded: 412.
2025-12-20 14:49:36,402 - INFO - Successfully loaded 412 documents.
2025-12-20 14:49:36,402 - INFO - Splitting documents into smaller chunks...
2025-12-20 14:49:36,453 - INFO - Split documents into 1715 chunks.
2025-12-20 14:49:36,453 - INFO - Creating the vector store...
2025-12-20 14:50:34,157 - INFO - Vector store created successfully.
2025-12-20 14:50:34,158 - INFO - Initializing retriever and RAG chain...
2025-12-20 14:50:34,179 - INFO - Retriever and RAG chain initialized successfully.
2025-12-20 14:51:02,006 - INFO - Processed user question successfully.
2025-12-20 14:51:35,607 - INFO - Processed user question successfully.
2025-12-20 14:52:03,706 - INFO - Processed user question successfully.
2025-12-20 14:52:17,046 - INFO - Processed user question successfully.
2025-12-20 14:55:04,697 - INFO - Processed user question successfully.
2025-12-20 15:09:23,119 - INFO - Processed user question successfully.
2025-12-20 15:09:33,523 - INFO - User exited the chatbot.
2025-12-20 15:20:33,069 - INFO - Loading faiss.
2025-12-20 15:20:33,097 - INFO - Successfully loaded faiss.
2025-12-20 15:20:37,368 - INFO - Loading environment variables...
2025-12-20 15:20:37,369 - INFO - Environment variables loaded successfully.
2025-12-20 15:20:37,369 - INFO - Starting to load documents from the directory...
2025-12-20 15:20:37,369 - INFO - Scanning directory for PDF files: rag-data
2025-12-20 15:20:37,369 - INFO - Found 19 PDF file(s).
2025-12-20 15:20:37,369 - INFO - Processing PDF: rag-data/ML/MulticlassAdaBoost.pdf
2025-12-20 15:20:37,543 - INFO - Successfully loaded 12 document(s) from: rag-data/ML/MulticlassAdaBoost.pdf
2025-12-20 15:20:37,543 - INFO - Processing PDF: rag-data/ML/XGBoost.pdf
2025-12-20 15:20:37,688 - INFO - Successfully loaded 13 document(s) from: rag-data/ML/XGBoost.pdf
2025-12-20 15:20:37,688 - INFO - Processing PDF: rag-data/ML/EfficientBackProp.pdf
2025-12-20 15:20:38,064 - INFO - Successfully loaded 44 document(s) from: rag-data/ML/EfficientBackProp.pdf
2025-12-20 15:20:38,064 - INFO - Processing PDF: rag-data/ML/StyleGAN.pdf
2025-12-20 15:20:38,151 - INFO - Successfully loaded 12 document(s) from: rag-data/ML/StyleGAN.pdf
2025-12-20 15:20:38,151 - INFO - Processing PDF: rag-data/ML/minka-pca.pdf
2025-12-20 15:20:38,211 - INFO - Successfully loaded 16 document(s) from: rag-data/ML/minka-pca.pdf
2025-12-20 15:20:38,211 - INFO - Processing PDF: rag-data/ML/StochasticGradientBoosting.pdf
2025-12-20 15:20:38,266 - INFO - Successfully loaded 10 document(s) from: rag-data/ML/StochasticGradientBoosting.pdf
2025-12-20 15:20:38,266 - INFO - Processing PDF: rag-data/ML/backprop_old.pdf
2025-12-20 15:20:38,268 - INFO - Successfully loaded 4 document(s) from: rag-data/ML/backprop_old.pdf
2025-12-20 15:20:38,268 - INFO - Processing PDF: rag-data/ML/LDA.pdf
2025-12-20 15:20:38,407 - INFO - Successfully loaded 30 document(s) from: rag-data/ML/LDA.pdf
2025-12-20 15:20:38,407 - INFO - Processing PDF: rag-data/ML/BERT.pdf
2025-12-20 15:20:38,501 - INFO - Successfully loaded 16 document(s) from: rag-data/ML/BERT.pdf
2025-12-20 15:20:38,502 - INFO - Processing PDF: rag-data/ML/LayerNormalization.pdf
2025-12-20 15:20:38,593 - INFO - Successfully loaded 14 document(s) from: rag-data/ML/LayerNormalization.pdf
2025-12-20 15:20:38,593 - INFO - Processing PDF: rag-data/ML/TransferVisualModels.pdf
2025-12-20 15:20:39,138 - INFO - Successfully loaded 48 document(s) from: rag-data/ML/TransferVisualModels.pdf
2025-12-20 15:20:39,138 - INFO - Processing PDF: rag-data/ML/Nofreelunch.pdf
2025-12-20 15:20:39,282 - INFO - Successfully loaded 16 document(s) from: rag-data/ML/Nofreelunch.pdf
2025-12-20 15:20:39,282 - INFO - Processing PDF: rag-data/ML/Efficientestimationofwordrep.pdf
2025-12-20 15:20:39,332 - INFO - Successfully loaded 12 document(s) from: rag-data/ML/Efficientestimationofwordrep.pdf
2025-12-20 15:20:39,332 - INFO - Processing PDF: rag-data/ML/OptimalityofNaiveBayes.pdf
2025-12-20 15:20:39,370 - INFO - Successfully loaded 6 document(s) from: rag-data/ML/OptimalityofNaiveBayes.pdf
2025-12-20 15:20:39,370 - INFO - Processing PDF: rag-data/RL/A_General_Language_Assistant_as_a_Laboratory_for_Alignment_v3.pdf
2025-12-20 15:20:39,658 - INFO - Successfully loaded 48 document(s) from: rag-data/RL/A_General_Language_Assistant_as_a_Laboratory_for_Alignment_v3.pdf
2025-12-20 15:20:39,658 - INFO - Processing PDF: rag-data/RL/NeurIPS-2020-learning-to-summarize-with-human-feedback-Paper.pdf
2025-12-20 15:20:39,742 - INFO - Successfully loaded 14 document(s) from: rag-data/RL/NeurIPS-2020-learning-to-summarize-with-human-feedback-Paper.pdf
2025-12-20 15:20:39,742 - INFO - Processing PDF: rag-data/RL/Deep_Reinforcement_Learning_from_Human_Preferencesv4.pdf
2025-12-20 15:20:39,817 - INFO - Successfully loaded 17 document(s) from: rag-data/RL/Deep_Reinforcement_Learning_from_Human_Preferencesv4.pdf
2025-12-20 15:20:39,817 - INFO - Processing PDF: rag-data/RL/Training language models to follow instructions with human feedback.pdf
2025-12-20 15:20:40,082 - INFO - Successfully loaded 68 document(s) from: rag-data/RL/Training language models to follow instructions with human feedback.pdf
2025-12-20 15:20:40,083 - INFO - Processing PDF: rag-data/RL/Proximal_Policy_Optimization_Algorithms.pdf
2025-12-20 15:20:40,278 - INFO - Successfully loaded 12 document(s) from: rag-data/RL/Proximal_Policy_Optimization_Algorithms.pdf
2025-12-20 15:20:40,278 - INFO - Completed processing. Total documents loaded: 412.
2025-12-20 15:20:40,278 - INFO - Successfully loaded 412 documents.
2025-12-20 15:20:40,278 - INFO - Splitting documents into smaller chunks...
2025-12-20 15:20:40,330 - INFO - Split documents into 1715 chunks.
2025-12-20 15:20:40,330 - INFO - Creating the vector store...
2025-12-20 15:21:37,754 - INFO - Vector store created successfully.
2025-12-20 15:21:37,754 - INFO - Initializing retriever and RAG chain...
2025-12-20 15:21:37,774 - INFO - Retriever and RAG chain initialized successfully.
2025-12-20 15:21:50,681 - INFO - Processed user question successfully.
2025-12-20 15:24:59,129 - INFO - User exited the chatbot.
2025-12-20 15:25:25,619 - INFO - Loading faiss.
2025-12-20 15:25:25,643 - INFO - Successfully loaded faiss.
2025-12-20 15:25:29,901 - INFO - Loading environment variables...
2025-12-20 15:25:29,901 - INFO - Environment variables loaded successfully.
2025-12-20 15:25:29,901 - INFO - Starting to load documents from the directory...
2025-12-20 15:25:29,901 - INFO - Scanning directory for PDF files: rag-data
2025-12-20 15:25:29,901 - INFO - Found 19 PDF file(s).
2025-12-20 15:25:29,901 - INFO - Processing PDF: rag-data/ML/MulticlassAdaBoost.pdf
2025-12-20 15:25:30,093 - INFO - Successfully loaded 12 document(s) from: rag-data/ML/MulticlassAdaBoost.pdf
2025-12-20 15:25:30,093 - INFO - Processing PDF: rag-data/ML/XGBoost.pdf
2025-12-20 15:25:30,233 - INFO - Successfully loaded 13 document(s) from: rag-data/ML/XGBoost.pdf
2025-12-20 15:25:30,233 - INFO - Processing PDF: rag-data/ML/EfficientBackProp.pdf
2025-12-20 15:25:30,608 - INFO - Successfully loaded 44 document(s) from: rag-data/ML/EfficientBackProp.pdf
2025-12-20 15:25:30,608 - INFO - Processing PDF: rag-data/ML/StyleGAN.pdf
2025-12-20 15:25:30,695 - INFO - Successfully loaded 12 document(s) from: rag-data/ML/StyleGAN.pdf
2025-12-20 15:25:30,696 - INFO - Processing PDF: rag-data/ML/minka-pca.pdf
2025-12-20 15:25:30,756 - INFO - Successfully loaded 16 document(s) from: rag-data/ML/minka-pca.pdf
2025-12-20 15:25:30,756 - INFO - Processing PDF: rag-data/ML/StochasticGradientBoosting.pdf
2025-12-20 15:25:30,812 - INFO - Successfully loaded 10 document(s) from: rag-data/ML/StochasticGradientBoosting.pdf
2025-12-20 15:25:30,812 - INFO - Processing PDF: rag-data/ML/backprop_old.pdf
2025-12-20 15:25:30,814 - INFO - Successfully loaded 4 document(s) from: rag-data/ML/backprop_old.pdf
2025-12-20 15:25:30,814 - INFO - Processing PDF: rag-data/ML/LDA.pdf
2025-12-20 15:25:30,954 - INFO - Successfully loaded 30 document(s) from: rag-data/ML/LDA.pdf
2025-12-20 15:25:30,954 - INFO - Processing PDF: rag-data/ML/BERT.pdf
2025-12-20 15:25:31,047 - INFO - Successfully loaded 16 document(s) from: rag-data/ML/BERT.pdf
2025-12-20 15:25:31,047 - INFO - Processing PDF: rag-data/ML/LayerNormalization.pdf
2025-12-20 15:25:31,137 - INFO - Successfully loaded 14 document(s) from: rag-data/ML/LayerNormalization.pdf
2025-12-20 15:25:31,137 - INFO - Processing PDF: rag-data/ML/TransferVisualModels.pdf
2025-12-20 15:25:31,675 - INFO - Successfully loaded 48 document(s) from: rag-data/ML/TransferVisualModels.pdf
2025-12-20 15:25:31,676 - INFO - Processing PDF: rag-data/ML/Nofreelunch.pdf
2025-12-20 15:25:31,822 - INFO - Successfully loaded 16 document(s) from: rag-data/ML/Nofreelunch.pdf
2025-12-20 15:25:31,822 - INFO - Processing PDF: rag-data/ML/Efficientestimationofwordrep.pdf
2025-12-20 15:25:31,871 - INFO - Successfully loaded 12 document(s) from: rag-data/ML/Efficientestimationofwordrep.pdf
2025-12-20 15:25:31,871 - INFO - Processing PDF: rag-data/ML/OptimalityofNaiveBayes.pdf
2025-12-20 15:25:31,911 - INFO - Successfully loaded 6 document(s) from: rag-data/ML/OptimalityofNaiveBayes.pdf
2025-12-20 15:25:31,911 - INFO - Processing PDF: rag-data/RL/A_General_Language_Assistant_as_a_Laboratory_for_Alignment_v3.pdf
2025-12-20 15:25:32,200 - INFO - Successfully loaded 48 document(s) from: rag-data/RL/A_General_Language_Assistant_as_a_Laboratory_for_Alignment_v3.pdf
2025-12-20 15:25:32,201 - INFO - Processing PDF: rag-data/RL/NeurIPS-2020-learning-to-summarize-with-human-feedback-Paper.pdf
2025-12-20 15:25:32,282 - INFO - Successfully loaded 14 document(s) from: rag-data/RL/NeurIPS-2020-learning-to-summarize-with-human-feedback-Paper.pdf
2025-12-20 15:25:32,282 - INFO - Processing PDF: rag-data/RL/Deep_Reinforcement_Learning_from_Human_Preferencesv4.pdf
2025-12-20 15:25:32,355 - INFO - Successfully loaded 17 document(s) from: rag-data/RL/Deep_Reinforcement_Learning_from_Human_Preferencesv4.pdf
2025-12-20 15:25:32,355 - INFO - Processing PDF: rag-data/RL/Training language models to follow instructions with human feedback.pdf
2025-12-20 15:25:32,609 - INFO - Successfully loaded 68 document(s) from: rag-data/RL/Training language models to follow instructions with human feedback.pdf
2025-12-20 15:25:32,609 - INFO - Processing PDF: rag-data/RL/Proximal_Policy_Optimization_Algorithms.pdf
2025-12-20 15:25:32,778 - INFO - Successfully loaded 12 document(s) from: rag-data/RL/Proximal_Policy_Optimization_Algorithms.pdf
2025-12-20 15:25:32,778 - INFO - Completed processing. Total documents loaded: 412.
2025-12-20 15:25:32,778 - INFO - Successfully loaded 412 documents.
2025-12-20 15:25:32,778 - INFO - Splitting documents into smaller chunks...
2025-12-20 15:25:32,830 - INFO - Split documents into 1715 chunks.
2025-12-20 15:25:32,830 - INFO - Creating the vector store...
2025-12-20 15:26:28,346 - INFO - Vector store created successfully.
2025-12-20 15:26:28,346 - INFO - Initializing retriever and RAG chain...
2025-12-20 15:26:28,366 - INFO - Retriever and RAG chain initialized successfully.
2025-12-20 15:26:48,094 - INFO - Processed user question successfully.
2025-12-20 15:26:58,367 - INFO - Processed user question successfully.
2025-12-20 15:27:26,320 - INFO - Processed user question successfully.
2025-12-20 15:27:40,447 - INFO - Processed user question successfully.
2025-12-20 15:28:47,461 - INFO - User exited the chatbot.
2025-12-20 15:29:13,360 - INFO - Loading faiss.
2025-12-20 15:29:13,387 - INFO - Successfully loaded faiss.
2025-12-20 15:29:17,667 - INFO - Loading environment variables...
2025-12-20 15:29:17,667 - INFO - Environment variables loaded successfully.
2025-12-20 15:29:17,667 - INFO - Starting to load documents from the directory...
2025-12-20 15:29:17,667 - INFO - Scanning directory for PDF files: rag-data
2025-12-20 15:29:17,667 - INFO - Found 19 PDF file(s).
2025-12-20 15:29:17,667 - INFO - Processing PDF: rag-data/ML/MulticlassAdaBoost.pdf
2025-12-20 15:29:17,846 - INFO - Successfully loaded 12 document(s) from: rag-data/ML/MulticlassAdaBoost.pdf
2025-12-20 15:29:17,846 - INFO - Processing PDF: rag-data/ML/XGBoost.pdf
2025-12-20 15:29:17,985 - INFO - Successfully loaded 13 document(s) from: rag-data/ML/XGBoost.pdf
2025-12-20 15:29:17,985 - INFO - Processing PDF: rag-data/ML/EfficientBackProp.pdf
2025-12-20 15:29:18,371 - INFO - Successfully loaded 44 document(s) from: rag-data/ML/EfficientBackProp.pdf
2025-12-20 15:29:18,371 - INFO - Processing PDF: rag-data/ML/StyleGAN.pdf
2025-12-20 15:29:18,456 - INFO - Successfully loaded 12 document(s) from: rag-data/ML/StyleGAN.pdf
2025-12-20 15:29:18,456 - INFO - Processing PDF: rag-data/ML/minka-pca.pdf
2025-12-20 15:29:18,518 - INFO - Successfully loaded 16 document(s) from: rag-data/ML/minka-pca.pdf
2025-12-20 15:29:18,518 - INFO - Processing PDF: rag-data/ML/StochasticGradientBoosting.pdf
2025-12-20 15:29:18,574 - INFO - Successfully loaded 10 document(s) from: rag-data/ML/StochasticGradientBoosting.pdf
2025-12-20 15:29:18,574 - INFO - Processing PDF: rag-data/ML/backprop_old.pdf
2025-12-20 15:29:18,576 - INFO - Successfully loaded 4 document(s) from: rag-data/ML/backprop_old.pdf
2025-12-20 15:29:18,576 - INFO - Processing PDF: rag-data/ML/LDA.pdf
2025-12-20 15:29:18,717 - INFO - Successfully loaded 30 document(s) from: rag-data/ML/LDA.pdf
2025-12-20 15:29:18,717 - INFO - Processing PDF: rag-data/ML/BERT.pdf
2025-12-20 15:29:18,811 - INFO - Successfully loaded 16 document(s) from: rag-data/ML/BERT.pdf
2025-12-20 15:29:18,811 - INFO - Processing PDF: rag-data/ML/LayerNormalization.pdf
2025-12-20 15:29:18,903 - INFO - Successfully loaded 14 document(s) from: rag-data/ML/LayerNormalization.pdf
2025-12-20 15:29:18,903 - INFO - Processing PDF: rag-data/ML/TransferVisualModels.pdf
2025-12-20 15:29:19,446 - INFO - Successfully loaded 48 document(s) from: rag-data/ML/TransferVisualModels.pdf
2025-12-20 15:29:19,446 - INFO - Processing PDF: rag-data/ML/Nofreelunch.pdf
2025-12-20 15:29:19,597 - INFO - Successfully loaded 16 document(s) from: rag-data/ML/Nofreelunch.pdf
2025-12-20 15:29:19,597 - INFO - Processing PDF: rag-data/ML/Efficientestimationofwordrep.pdf
2025-12-20 15:29:19,647 - INFO - Successfully loaded 12 document(s) from: rag-data/ML/Efficientestimationofwordrep.pdf
2025-12-20 15:29:19,647 - INFO - Processing PDF: rag-data/ML/OptimalityofNaiveBayes.pdf
2025-12-20 15:29:19,685 - INFO - Successfully loaded 6 document(s) from: rag-data/ML/OptimalityofNaiveBayes.pdf
2025-12-20 15:29:19,686 - INFO - Processing PDF: rag-data/RL/A_General_Language_Assistant_as_a_Laboratory_for_Alignment_v3.pdf
2025-12-20 15:29:19,974 - INFO - Successfully loaded 48 document(s) from: rag-data/RL/A_General_Language_Assistant_as_a_Laboratory_for_Alignment_v3.pdf
2025-12-20 15:29:19,974 - INFO - Processing PDF: rag-data/RL/NeurIPS-2020-learning-to-summarize-with-human-feedback-Paper.pdf
2025-12-20 15:29:20,057 - INFO - Successfully loaded 14 document(s) from: rag-data/RL/NeurIPS-2020-learning-to-summarize-with-human-feedback-Paper.pdf
2025-12-20 15:29:20,058 - INFO - Processing PDF: rag-data/RL/Deep_Reinforcement_Learning_from_Human_Preferencesv4.pdf
2025-12-20 15:29:20,133 - INFO - Successfully loaded 17 document(s) from: rag-data/RL/Deep_Reinforcement_Learning_from_Human_Preferencesv4.pdf
2025-12-20 15:29:20,133 - INFO - Processing PDF: rag-data/RL/Training language models to follow instructions with human feedback.pdf
2025-12-20 15:29:20,387 - INFO - Successfully loaded 68 document(s) from: rag-data/RL/Training language models to follow instructions with human feedback.pdf
2025-12-20 15:29:20,387 - INFO - Processing PDF: rag-data/RL/Proximal_Policy_Optimization_Algorithms.pdf
2025-12-20 15:29:20,557 - INFO - Successfully loaded 12 document(s) from: rag-data/RL/Proximal_Policy_Optimization_Algorithms.pdf
2025-12-20 15:29:20,558 - INFO - Completed processing. Total documents loaded: 412.
2025-12-20 15:29:20,558 - INFO - Successfully loaded 412 documents.
2025-12-20 15:29:20,558 - INFO - Splitting documents into smaller chunks...
2025-12-20 15:29:20,611 - INFO - Split documents into 1715 chunks.
2025-12-20 15:29:20,611 - INFO - Creating the vector store...
2025-12-20 15:30:16,702 - INFO - Vector store created successfully.
2025-12-20 15:30:16,703 - INFO - Initializing retriever and RAG chain...
2025-12-20 15:30:16,722 - INFO - Retriever and RAG chain initialized successfully.
2025-12-20 15:30:40,423 - INFO - Processed user question successfully.
2025-12-20 15:31:35,863 - INFO - User exited the chatbot.
2025-12-20 15:37:16,648 - INFO - Loading faiss.
2025-12-20 15:37:16,677 - INFO - Successfully loaded faiss.
2025-12-20 15:37:21,049 - INFO - Loading documents...
2025-12-20 15:37:21,049 - INFO - Scanning directory for PDF files: rag-data
2025-12-20 15:37:21,049 - INFO - Found 19 PDF file(s).
2025-12-20 15:37:21,049 - INFO - Processing PDF: rag-data/ML/MulticlassAdaBoost.pdf
2025-12-20 15:37:21,241 - INFO - Successfully loaded 12 document(s) from: rag-data/ML/MulticlassAdaBoost.pdf
2025-12-20 15:37:21,241 - INFO - Processing PDF: rag-data/ML/XGBoost.pdf
2025-12-20 15:37:21,380 - INFO - Successfully loaded 13 document(s) from: rag-data/ML/XGBoost.pdf
2025-12-20 15:37:21,380 - INFO - Processing PDF: rag-data/ML/EfficientBackProp.pdf
2025-12-20 15:37:21,768 - INFO - Successfully loaded 44 document(s) from: rag-data/ML/EfficientBackProp.pdf
2025-12-20 15:37:21,769 - INFO - Processing PDF: rag-data/ML/StyleGAN.pdf
2025-12-20 15:37:21,856 - INFO - Successfully loaded 12 document(s) from: rag-data/ML/StyleGAN.pdf
2025-12-20 15:37:21,856 - INFO - Processing PDF: rag-data/ML/minka-pca.pdf
2025-12-20 15:37:21,919 - INFO - Successfully loaded 16 document(s) from: rag-data/ML/minka-pca.pdf
2025-12-20 15:37:21,919 - INFO - Processing PDF: rag-data/ML/StochasticGradientBoosting.pdf
2025-12-20 15:37:21,978 - INFO - Successfully loaded 10 document(s) from: rag-data/ML/StochasticGradientBoosting.pdf
2025-12-20 15:37:21,979 - INFO - Processing PDF: rag-data/ML/backprop_old.pdf
2025-12-20 15:37:21,981 - INFO - Successfully loaded 4 document(s) from: rag-data/ML/backprop_old.pdf
2025-12-20 15:37:21,981 - INFO - Processing PDF: rag-data/ML/LDA.pdf
2025-12-20 15:37:22,126 - INFO - Successfully loaded 30 document(s) from: rag-data/ML/LDA.pdf
2025-12-20 15:37:22,126 - INFO - Processing PDF: rag-data/ML/BERT.pdf
2025-12-20 15:37:22,223 - INFO - Successfully loaded 16 document(s) from: rag-data/ML/BERT.pdf
2025-12-20 15:37:22,223 - INFO - Processing PDF: rag-data/ML/LayerNormalization.pdf
2025-12-20 15:37:22,314 - INFO - Successfully loaded 14 document(s) from: rag-data/ML/LayerNormalization.pdf
2025-12-20 15:37:22,315 - INFO - Processing PDF: rag-data/ML/TransferVisualModels.pdf
2025-12-20 15:37:22,869 - INFO - Successfully loaded 48 document(s) from: rag-data/ML/TransferVisualModels.pdf
2025-12-20 15:37:22,869 - INFO - Processing PDF: rag-data/ML/Nofreelunch.pdf
2025-12-20 15:37:23,021 - INFO - Successfully loaded 16 document(s) from: rag-data/ML/Nofreelunch.pdf
2025-12-20 15:37:23,021 - INFO - Processing PDF: rag-data/ML/Efficientestimationofwordrep.pdf
2025-12-20 15:37:23,071 - INFO - Successfully loaded 12 document(s) from: rag-data/ML/Efficientestimationofwordrep.pdf
2025-12-20 15:37:23,072 - INFO - Processing PDF: rag-data/ML/OptimalityofNaiveBayes.pdf
2025-12-20 15:37:23,111 - INFO - Successfully loaded 6 document(s) from: rag-data/ML/OptimalityofNaiveBayes.pdf
2025-12-20 15:37:23,111 - INFO - Processing PDF: rag-data/RL/A_General_Language_Assistant_as_a_Laboratory_for_Alignment_v3.pdf
2025-12-20 15:37:23,406 - INFO - Successfully loaded 48 document(s) from: rag-data/RL/A_General_Language_Assistant_as_a_Laboratory_for_Alignment_v3.pdf
2025-12-20 15:37:23,406 - INFO - Processing PDF: rag-data/RL/NeurIPS-2020-learning-to-summarize-with-human-feedback-Paper.pdf
2025-12-20 15:37:23,491 - INFO - Successfully loaded 14 document(s) from: rag-data/RL/NeurIPS-2020-learning-to-summarize-with-human-feedback-Paper.pdf
2025-12-20 15:37:23,492 - INFO - Processing PDF: rag-data/RL/Deep_Reinforcement_Learning_from_Human_Preferencesv4.pdf
2025-12-20 15:37:23,568 - INFO - Successfully loaded 17 document(s) from: rag-data/RL/Deep_Reinforcement_Learning_from_Human_Preferencesv4.pdf
2025-12-20 15:37:23,568 - INFO - Processing PDF: rag-data/RL/Training language models to follow instructions with human feedback.pdf
2025-12-20 15:37:23,830 - INFO - Successfully loaded 68 document(s) from: rag-data/RL/Training language models to follow instructions with human feedback.pdf
2025-12-20 15:37:23,830 - INFO - Processing PDF: rag-data/RL/Proximal_Policy_Optimization_Algorithms.pdf
2025-12-20 15:37:24,001 - INFO - Successfully loaded 12 document(s) from: rag-data/RL/Proximal_Policy_Optimization_Algorithms.pdf
2025-12-20 15:37:24,001 - INFO - Completed processing. Total documents loaded: 412.
2025-12-20 15:38:20,632 - INFO - 
============================================================
2025-12-20 15:38:20,634 - INFO - PART 1: RETRIEVAL QUALITY EVALUATION
2025-12-20 15:38:20,634 - INFO - ============================================================
2025-12-20 15:38:20,851 - INFO - 
============================================================
2025-12-20 15:38:20,851 - INFO - PART 2: GENERATION QUALITY EVALUATION
2025-12-20 15:38:20,851 - INFO - ============================================================
2025-12-20 15:38:20,851 - INFO - 
============================================================
2025-12-20 15:38:20,851 - INFO - Evaluating Standard RAG
2025-12-20 15:38:20,851 - INFO - ============================================================
2025-12-20 15:38:24,433 - INFO - 
Q: What is the main idea behind Multiclass AdaBoost?...
2025-12-20 15:38:24,434 - INFO - A: The main idea behind Multiclass AdaBoost is to extend the AdaBoost algorithm from binary classificat...
2025-12-20 15:38:24,434 - INFO - Quality: 0.82 | Latency: 3.58s
2025-12-20 15:38:25,494 - INFO - 
Q: Explain the principles of XGBoost....
2025-12-20 15:38:25,494 - INFO - A: XGBoost's scalability to handle large amounts of data, including one billion examples, is due to its...
2025-12-20 15:38:25,494 - INFO - Quality: 0.77 | Latency: 1.06s
2025-12-20 15:38:26,738 - INFO - 
Q: How does StyleGAN work?...
2025-12-20 15:38:26,739 - INFO - A: StyleGAN works by first normalizing each channel to zero mean and unit variance, followed by applyin...
2025-12-20 15:38:26,739 - INFO - Quality: 0.72 | Latency: 1.24s
2025-12-20 15:38:28,043 - INFO - 
Q: Describe the architecture of BERT....
2025-12-20 15:38:28,043 - INFO - A: Here's a concise description of the BERT architecture:

BERT (Bidirectional Encoder Representations ...
2025-12-20 15:38:28,043 - INFO - Quality: 0.80 | Latency: 1.30s
2025-12-20 15:38:29,262 - INFO - 
Q: What is the significance of Layer Normalization?...
2025-12-20 15:38:29,262 - INFO - A: Layer Normalization reduces the covariate shift problem by fixing the mean and variance of summed in...
2025-12-20 15:38:29,262 - INFO - Quality: 0.74 | Latency: 1.22s
2025-12-20 15:38:32,152 - INFO - 
Q: Explain the main concepts of Proximal Policy Optimization....
2025-12-20 15:38:32,152 - INFO - A: Proximal Policy Optimization (PPO) is a family of reinforcement learning algorithms that alternate b...
2025-12-20 15:38:32,152 - INFO - Quality: 0.74 | Latency: 2.89s
2025-12-20 15:38:33,497 - INFO - 
Q: What is PPO?...
2025-12-20 15:38:33,497 - INFO - A: The context mentions "PPO", but doesn't explicitly state what it stands for. Based on the provided t...
2025-12-20 15:38:33,498 - INFO - Quality: 0.80 | Latency: 1.35s
2025-12-20 15:38:35,075 - INFO - 
Q: How does LDA perform topic modeling?...
2025-12-20 15:38:35,076 - INFO - A: Here's a three-sentence answer:

LDA (Latent Dirichlet Allocation) is a topic modeling technique tha...
2025-12-20 15:38:35,076 - INFO - Quality: 0.66 | Latency: 1.58s
2025-12-20 15:38:35,076 - INFO - 
============================================================
2025-12-20 15:38:35,076 - INFO - Evaluating LangGraph
2025-12-20 15:38:35,076 - INFO - ============================================================
2025-12-20 15:38:36,607 - INFO - 
Q: What is the main idea behind Multiclass AdaBoost?...
2025-12-20 15:38:36,607 - INFO - A: The main idea behind Multiclass AdaBoost is to extend the traditional AdaBoost algorithm from binary...
2025-12-20 15:38:36,608 - INFO - Quality: 0.83 | Latency: 1.53s
2025-12-20 15:38:38,183 - INFO - 
Q: Explain the principles of XGBoost....
2025-12-20 15:38:38,183 - INFO - A: Here's a concise answer to the question:

XGBoost's scalability and efficiency are key factors behin...
2025-12-20 15:38:38,183 - INFO - Quality: 0.62 | Latency: 1.58s
2025-12-20 15:38:38,219 - INFO - 
Q: How does StyleGAN work?...
2025-12-20 15:38:38,219 - INFO - A: I don't have enough relevant information to answer this question accurately....
2025-12-20 15:38:38,219 - INFO - Quality: 0.30 | Latency: 0.04s
2025-12-20 15:38:40,268 - INFO - 
Q: Describe the architecture of BERT....
2025-12-20 15:38:40,268 - INFO - A: Here is a three-sentence answer:

 BERT's model architecture is a multi-layer bidirectional Transfor...
2025-12-20 15:38:40,268 - INFO - Quality: 0.73 | Latency: 2.05s
2025-12-20 15:38:41,742 - INFO - 
Q: What is the significance of Layer Normalization?...
2025-12-20 15:38:41,742 - INFO - A: Layer normalization addresses the "covariate shift" problem by normalizing the sum of inputs (includ...
2025-12-20 15:38:41,742 - INFO - Quality: 0.76 | Latency: 1.47s
2025-12-20 15:38:44,182 - INFO - 
Q: Explain the main concepts of Proximal Policy Optimization....
2025-12-20 15:38:44,182 - INFO - A: Here is an explanation of the main concepts of Proximal Policy Optimization (PPO):

**Main Concepts:...
2025-12-20 15:38:44,182 - INFO - Quality: 0.78 | Latency: 2.44s
2025-12-20 15:38:44,218 - INFO - 
Q: What is PPO?...
2025-12-20 15:38:44,218 - INFO - A: I don't have enough relevant information to answer this question accurately....
2025-12-20 15:38:44,218 - INFO - Quality: 0.30 | Latency: 0.04s
2025-12-20 15:38:45,634 - INFO - 
Q: How does LDA perform topic modeling?...
2025-12-20 15:38:45,635 - INFO - A: LDA (Latent Dirichlet Allocation) performs topic modeling by representing a document as a set of poi...
2025-12-20 15:38:45,635 - INFO - Quality: 0.72 | Latency: 1.42s
2025-12-20 15:38:45,635 - INFO - 
============================================================
2025-12-20 15:38:45,635 - INFO - Evaluating DSPy
2025-12-20 15:38:45,635 - INFO - ============================================================
2025-12-20 15:38:46,834 - INFO - 
Q: What is the main idea behind Multiclass AdaBoost?...
2025-12-20 15:38:46,834 - INFO - A: The main idea behind Multiclass AdaBoost is to extend the traditional AdaBoost algorithm for binary ...
2025-12-20 15:38:46,834 - INFO - Quality: 0.86 | Latency: 1.20s
2025-12-20 15:38:48,066 - INFO - 
Q: Explain the principles of XGBoost....
2025-12-20 15:38:48,066 - INFO - A: Here's a 2-3 sentence explanation of the principles of XGBoost:

XGBoost is an ensemble learning met...
2025-12-20 15:38:48,066 - INFO - Quality: 0.77 | Latency: 1.23s
2025-12-20 15:38:49,338 - INFO - 
Q: How does StyleGAN work?...
2025-12-20 15:38:49,338 - INFO - A: StyleGAN works by applying an AdaIN (Attentional Deep Network) operation to each channel of the inpu...
2025-12-20 15:38:49,338 - INFO - Quality: 0.69 | Latency: 1.27s
2025-12-20 15:38:50,486 - INFO - 
Q: Describe the architecture of BERT....
2025-12-20 15:38:50,486 - INFO - A: BERT's architecture consists of a unified backbone that processes text from multiple tasks, such as ...
2025-12-20 15:38:50,487 - INFO - Quality: 0.79 | Latency: 1.15s
2025-12-20 15:38:51,080 - INFO - 
Q: What is the significance of Layer Normalization?...
2025-12-20 15:38:51,080 - INFO - A: Layer normalization helps overcome the "covariate shift" problem by being invariant to individual sc...
2025-12-20 15:38:51,080 - INFO - Quality: 0.83 | Latency: 0.59s
2025-12-20 15:38:52,479 - INFO - 
Q: Explain the main concepts of Proximal Policy Optimization....
2025-12-20 15:38:52,480 - INFO - A: Here is a concise explanation of the main concepts in Proximal Policy Optimization (PPO) algorithms:...
2025-12-20 15:38:52,480 - INFO - Quality: 0.79 | Latency: 1.40s
2025-12-20 15:38:53,623 - INFO - 
Q: What is PPO?...
2025-12-20 15:38:53,623 - INFO - A: PPO stands for Proximal Policy Optimization, which is an algorithm used in reinforcement learning an...
2025-12-20 15:38:53,623 - INFO - Quality: 0.73 | Latency: 1.14s
2025-12-20 15:38:54,558 - INFO - 
Q: How does LDA perform topic modeling?...
2025-12-20 15:38:54,559 - INFO - A: LDA (Latent Dirichlet Allocation) performs topic modeling by assigning each word to a randomly chose...
2025-12-20 15:38:54,559 - INFO - Quality: 0.75 | Latency: 0.93s
2025-12-20 22:44:08,360 - INFO - Loading faiss.
2025-12-20 22:44:08,386 - INFO - Successfully loaded faiss.
2025-12-20 22:44:13,671 - INFO - Loading documents...
2025-12-20 22:44:13,671 - INFO - Scanning directory for PDF files: rag-data
2025-12-20 22:44:13,672 - INFO - Found 19 PDF file(s).
2025-12-20 22:44:13,672 - INFO - Processing PDF: rag-data/ML/MulticlassAdaBoost.pdf
2025-12-20 22:44:13,883 - INFO - Successfully loaded 12 document(s) from: rag-data/ML/MulticlassAdaBoost.pdf
2025-12-20 22:44:13,883 - INFO - Processing PDF: rag-data/ML/XGBoost.pdf
2025-12-20 22:44:14,023 - INFO - Successfully loaded 13 document(s) from: rag-data/ML/XGBoost.pdf
2025-12-20 22:44:14,023 - INFO - Processing PDF: rag-data/ML/EfficientBackProp.pdf
2025-12-20 22:44:14,404 - INFO - Successfully loaded 44 document(s) from: rag-data/ML/EfficientBackProp.pdf
2025-12-20 22:44:14,404 - INFO - Processing PDF: rag-data/ML/StyleGAN.pdf
2025-12-20 22:44:14,491 - INFO - Successfully loaded 12 document(s) from: rag-data/ML/StyleGAN.pdf
2025-12-20 22:44:14,491 - INFO - Processing PDF: rag-data/ML/minka-pca.pdf
2025-12-20 22:44:14,551 - INFO - Successfully loaded 16 document(s) from: rag-data/ML/minka-pca.pdf
2025-12-20 22:44:14,552 - INFO - Processing PDF: rag-data/ML/StochasticGradientBoosting.pdf
2025-12-20 22:44:14,607 - INFO - Successfully loaded 10 document(s) from: rag-data/ML/StochasticGradientBoosting.pdf
2025-12-20 22:44:14,608 - INFO - Processing PDF: rag-data/ML/backprop_old.pdf
2025-12-20 22:44:14,610 - INFO - Successfully loaded 4 document(s) from: rag-data/ML/backprop_old.pdf
2025-12-20 22:44:14,610 - INFO - Processing PDF: rag-data/ML/LDA.pdf
2025-12-20 22:44:14,751 - INFO - Successfully loaded 30 document(s) from: rag-data/ML/LDA.pdf
2025-12-20 22:44:14,752 - INFO - Processing PDF: rag-data/ML/BERT.pdf
2025-12-20 22:44:14,846 - INFO - Successfully loaded 16 document(s) from: rag-data/ML/BERT.pdf
2025-12-20 22:44:14,846 - INFO - Processing PDF: rag-data/ML/LayerNormalization.pdf
2025-12-20 22:44:14,936 - INFO - Successfully loaded 14 document(s) from: rag-data/ML/LayerNormalization.pdf
2025-12-20 22:44:14,936 - INFO - Processing PDF: rag-data/ML/TransferVisualModels.pdf
2025-12-20 22:44:15,489 - INFO - Successfully loaded 48 document(s) from: rag-data/ML/TransferVisualModels.pdf
2025-12-20 22:44:15,489 - INFO - Processing PDF: rag-data/ML/Nofreelunch.pdf
2025-12-20 22:44:15,636 - INFO - Successfully loaded 16 document(s) from: rag-data/ML/Nofreelunch.pdf
2025-12-20 22:44:15,636 - INFO - Processing PDF: rag-data/ML/Efficientestimationofwordrep.pdf
2025-12-20 22:44:15,685 - INFO - Successfully loaded 12 document(s) from: rag-data/ML/Efficientestimationofwordrep.pdf
2025-12-20 22:44:15,685 - INFO - Processing PDF: rag-data/ML/OptimalityofNaiveBayes.pdf
2025-12-20 22:44:15,723 - INFO - Successfully loaded 6 document(s) from: rag-data/ML/OptimalityofNaiveBayes.pdf
2025-12-20 22:44:15,724 - INFO - Processing PDF: rag-data/RL/A_General_Language_Assistant_as_a_Laboratory_for_Alignment_v3.pdf
2025-12-20 22:44:16,013 - INFO - Successfully loaded 48 document(s) from: rag-data/RL/A_General_Language_Assistant_as_a_Laboratory_for_Alignment_v3.pdf
2025-12-20 22:44:16,014 - INFO - Processing PDF: rag-data/RL/NeurIPS-2020-learning-to-summarize-with-human-feedback-Paper.pdf
2025-12-20 22:44:16,097 - INFO - Successfully loaded 14 document(s) from: rag-data/RL/NeurIPS-2020-learning-to-summarize-with-human-feedback-Paper.pdf
2025-12-20 22:44:16,097 - INFO - Processing PDF: rag-data/RL/Deep_Reinforcement_Learning_from_Human_Preferencesv4.pdf
2025-12-20 22:44:16,170 - INFO - Successfully loaded 17 document(s) from: rag-data/RL/Deep_Reinforcement_Learning_from_Human_Preferencesv4.pdf
2025-12-20 22:44:16,170 - INFO - Processing PDF: rag-data/RL/Training language models to follow instructions with human feedback.pdf
2025-12-20 22:44:16,425 - INFO - Successfully loaded 68 document(s) from: rag-data/RL/Training language models to follow instructions with human feedback.pdf
2025-12-20 22:44:16,425 - INFO - Processing PDF: rag-data/RL/Proximal_Policy_Optimization_Algorithms.pdf
2025-12-20 22:44:16,593 - INFO - Successfully loaded 12 document(s) from: rag-data/RL/Proximal_Policy_Optimization_Algorithms.pdf
2025-12-20 22:44:16,593 - INFO - Completed processing. Total documents loaded: 412.
2025-12-20 22:45:13,715 - INFO - 
============================================================
2025-12-20 22:45:13,715 - INFO - PART 1: RETRIEVAL QUALITY EVALUATION
2025-12-20 22:45:13,715 - INFO - ============================================================
2025-12-20 22:45:14,632 - INFO - 
============================================================
2025-12-20 22:45:14,633 - INFO - PART 2: GENERATION QUALITY EVALUATION
2025-12-20 22:45:14,633 - INFO - ============================================================
2025-12-20 22:45:14,633 - INFO - 
============================================================
2025-12-20 22:45:14,633 - INFO - Evaluating Standard RAG
2025-12-20 22:45:14,633 - INFO - ============================================================
2025-12-20 22:45:18,221 - INFO - 
Q: What is the main idea behind Multiclass AdaBoost?...
2025-12-20 22:45:18,221 - INFO - A: The main idea behind Multiclass AdaBoost is to extend the AdaBoost algorithm from two-class classifi...
2025-12-20 22:45:18,221 - INFO - Quality: 0.82 | Latency: 3.59s
2025-12-20 22:45:19,714 - INFO - 
Q: Explain the principles of XGBoost....
2025-12-20 22:45:19,715 - INFO - A: XGBoost's scalability to handle billions of examples, especially with distributed or memory-limited ...
2025-12-20 22:45:19,715 - INFO - Quality: 0.68 | Latency: 1.49s
2025-12-20 22:45:21,133 - INFO - 
Q: How is stochastic gradient boosting applied in machine learn...
2025-12-20 22:45:21,133 - INFO - A: Stochastic Gradient Boosting is a machine learning technique that combines multiple weak models to c...
2025-12-20 22:45:21,133 - INFO - Quality: 0.85 | Latency: 1.42s
2025-12-20 22:45:22,515 - INFO - 
Q: What optimization techniques are discussed in Efficient Back...
2025-12-20 22:45:22,515 - INFO - A: Optimization techniques discussed include evolutionary algorithms and simulated annealing. However, ...
2025-12-20 22:45:22,515 - INFO - Quality: 0.35 | Latency: 1.38s
2025-12-20 22:45:24,255 - INFO - 
Q: What are the challenges discussed in traditional backpropaga...
2025-12-20 22:45:24,255 - INFO - A: The challenges discussed in traditional backpropagation methods include:

* Identifying potential fa...
2025-12-20 22:45:24,255 - INFO - Quality: 0.81 | Latency: 1.74s
2025-12-20 22:45:25,625 - INFO - 
Q: What is the significance of Layer Normalization in neural ne...
2025-12-20 22:45:25,625 - INFO - A: Since the question asks for a concise answer, I'll provide three sentences that summarize the signif...
2025-12-20 22:45:25,625 - INFO - Quality: 0.80 | Latency: 1.37s
2025-12-20 22:45:26,151 - INFO - 
Q: Why is Layer Normalization essential for modern neural netwo...
2025-12-20 22:45:26,151 - INFO - A: I don't know why Layer Normalization is essential for modern neural networks....
2025-12-20 22:45:26,151 - INFO - Quality: 0.57 | Latency: 0.53s
2025-12-20 22:45:27,196 - INFO - 
Q: How does StyleGAN work?...
2025-12-20 22:45:27,197 - INFO - A: StyleGAN works by:

1. Normalizing input channels to zero mean and unit variance.
2. Applying scales...
2025-12-20 22:45:27,197 - INFO - Quality: 0.78 | Latency: 1.04s
2025-12-20 22:45:29,889 - INFO - 
Q: What are the key innovations in StyleGAN architecture?...
2025-12-20 22:45:29,889 - INFO - A: The key innovations in StyleGAN architecture mentioned in the context are:

1. Feature-wise transfor...
2025-12-20 22:45:29,889 - INFO - Quality: 0.74 | Latency: 2.69s
2025-12-20 22:45:31,327 - INFO - 
Q: Describe the architecture of BERT....
2025-12-20 22:45:31,327 - INFO - A: BERT's model architecture consists of a multi-layer bidirectional Transformer encoder, which process...
2025-12-20 22:45:31,327 - INFO - Quality: 0.76 | Latency: 1.44s
2025-12-20 22:45:33,201 - INFO - 
Q: How can word representation be estimated efficiently?...
2025-12-20 22:45:33,201 - INFO - A: I don't know how to estimate word representations efficiently, but I can suggest some approaches tha...
2025-12-20 22:45:33,201 - INFO - Quality: 0.28 | Latency: 1.87s
2025-12-20 22:45:33,974 - INFO - 
Q: What makes BERT different from previous language models?...
2025-12-20 22:45:33,974 - INFO - A: BERT is different from previous language models in its bidirectional pre-training approach, which jo...
2025-12-20 22:45:33,974 - INFO - Quality: 0.89 | Latency: 0.77s
2025-12-20 22:45:35,457 - INFO - 
Q: What role does PCA play in machine learning according to Min...
2025-12-20 22:45:35,457 - INFO - A: The answer is:

No, Minka's paper discusses PCA (Principal Component Analysis) in machine learning a...
2025-12-20 22:45:35,457 - INFO - Quality: 0.90 | Latency: 1.48s
2025-12-20 22:45:42,969 - INFO - 
Q: Explain the mathematical foundations of PCA....
2025-12-20 22:45:42,970 - INFO - A: Here are the explanations of the mathematical foundations of PCA in three sentences each:

1. **Goal...
2025-12-20 22:45:42,970 - INFO - Quality: 0.75 | Latency: 7.51s
2025-12-20 22:45:44,265 - INFO - 
Q: How does LDA perform topic modeling?...
2025-12-20 22:45:44,265 - INFO - A: Here's an answer in three sentences:

LDA (Latent Dirichlet Allocation) performs topic modeling by g...
2025-12-20 22:45:44,265 - INFO - Quality: 0.70 | Latency: 1.29s
2025-12-20 22:45:45,745 - INFO - 
Q: What are the applications of Latent Dirichlet Allocation?...
2025-12-20 22:45:45,745 - INFO - A: The applications of Latent Dirichlet Allocation (LDA) include:

* Dimensionality reduction for docum...
2025-12-20 22:45:45,745 - INFO - Quality: 0.82 | Latency: 1.48s
2025-12-20 22:45:46,875 - INFO - 
Q: Why is Naive Bayes considered optimal in some scenarios?...
2025-12-20 22:45:46,875 - INFO - A: Naive Bayes is considered optimal in some scenarios because the dependences among attributes cancel ...
2025-12-20 22:45:46,875 - INFO - Quality: 0.93 | Latency: 1.13s
2025-12-20 22:45:49,295 - INFO - 
Q: What is the no free lunch theorem in machine learning?...
2025-12-20 22:45:49,295 - INFO - A: The context of "no free lunch theorem" refers to a set of results established by David H. Wolpert an...
2025-12-20 22:45:49,295 - INFO - Quality: 0.73 | Latency: 2.42s
2025-12-20 22:45:51,841 - INFO - 
Q: Discuss the applications of Transfer Visual Models....
2025-12-20 22:45:51,841 - INFO - A: The applications of Transfer Visual Models in natural language supervision typically involve learnin...
2025-12-20 22:45:51,841 - INFO - Quality: 0.76 | Latency: 2.55s
2025-12-20 22:45:53,483 - INFO - 
Q: How does transfer learning improve model performance?...
2025-12-20 22:45:53,483 - INFO - A: Here's a concise answer to the question based on the provided context:

Transfer learning improves m...
2025-12-20 22:45:53,484 - INFO - Quality: 0.74 | Latency: 1.64s
2025-12-20 22:45:55,576 - INFO - 
Q: Explain the main concepts of Proximal Policy Optimization....
2025-12-20 22:45:55,576 - INFO - A: Proximal Policy Optimization (PPO) is a reinforcement learning algorithm that alternates between sam...
2025-12-20 22:45:55,576 - INFO - Quality: 0.70 | Latency: 2.09s
2025-12-20 22:45:56,377 - INFO - 
Q: What is PPO?...
2025-12-20 22:45:56,378 - INFO - A: PPO stands for Proximal Policy Optimization. It is a type of reinforcement learning algorithm that i...
2025-12-20 22:45:56,378 - INFO - Quality: 0.80 | Latency: 0.80s
2025-12-20 22:45:58,593 - INFO - 
Q: What are the advantages of PPO over other policy gradient me...
2025-12-20 22:45:58,593 - INFO - A: Here are the advantages of Proximal Policy Optimization (PPO) methods over other policy gradient met...
2025-12-20 22:45:58,593 - INFO - Quality: 0.40 | Latency: 2.21s
2025-12-20 22:46:00,455 - INFO - 
Q: How does learning to summarize with human feedback work?...
2025-12-20 22:46:00,456 - INFO - A: Here's three sentences summarizing how learning to summarize with human feedback works:

To improve ...
2025-12-20 22:46:00,456 - INFO - Quality: 0.78 | Latency: 1.86s
2025-12-20 22:46:01,886 - INFO - 
Q: What is the impact of deep reinforcement learning from human...
2025-12-20 22:46:01,887 - INFO - A: This is a research paper discussing the application of deep reinforcement learning (RL) from human p...
2025-12-20 22:46:01,887 - INFO - Quality: 0.81 | Latency: 1.43s
2025-12-20 22:46:03,658 - INFO - 
Q: How are language models trained to follow instructions with ...
2025-12-20 22:46:03,658 - INFO - A: The paper discusses how language models like GPT-3 can be fine-tuned with human feedback using super...
2025-12-20 22:46:03,658 - INFO - Quality: 0.72 | Latency: 1.77s
2025-12-20 22:46:04,599 - INFO - 
Q: What challenges are associated with aligning general languag...
2025-12-20 22:46:04,600 - INFO - A: I don't know. The text provides a context about general language assistants and their challenges but...
2025-12-20 22:46:04,600 - INFO - Quality: 0.53 | Latency: 0.94s
2025-12-20 22:46:06,245 - INFO - 
Q: What is AdaBoost?...
2025-12-20 22:46:06,246 - INFO - A: AdaBoost is an iterative procedure that combines many weak classifiers to produce a classifier, with...
2025-12-20 22:46:06,246 - INFO - Quality: 0.30 | Latency: 1.65s
2025-12-20 22:46:07,559 - INFO - 
Q: Explain gradient boosting...
2025-12-20 22:46:07,559 - INFO - A: Here is a concise answer to your question:

Gradient boosting is an algorithm for modeling complex r...
2025-12-20 22:46:07,559 - INFO - Quality: 0.79 | Latency: 1.31s
2025-12-20 22:46:09,836 - INFO - 
Q: What is backpropagation?...
2025-12-20 22:46:09,837 - INFO - A: Here is the answer to your question about "backpropagation" with a story-like visual explanation:

B...
2025-12-20 22:46:09,837 - INFO - Quality: 0.25 | Latency: 2.28s
2025-12-20 22:46:16,675 - INFO - 
Q: How does PCA work?...
2025-12-20 22:46:16,676 - INFO - A: PCA (Principal Component Analysis) is a method used to reduce the dimensionality of high-dimensional...
2025-12-20 22:46:16,676 - INFO - Quality: 0.62 | Latency: 6.84s
2025-12-20 22:46:17,380 - INFO - 
Q: What is LDA?...
2025-12-20 22:46:17,381 - INFO - A: LDA (Latent Dirichlet Allocation) is a topic modeling technique....
2025-12-20 22:46:17,381 - INFO - Quality: 0.80 | Latency: 0.70s
2025-12-20 22:46:18,699 - INFO - 
Q: Compare XGBoost and traditional gradient boosting methods....
2025-12-20 22:46:18,700 - INFO - A: XGBoost is generally considered to be more scalable than traditional gradient boosting methods due t...
2025-12-20 22:46:18,700 - INFO - Quality: 0.82 | Latency: 1.32s
2025-12-20 22:46:20,141 - INFO - 
Q: How do modern optimization techniques improve upon tradition...
2025-12-20 22:46:20,141 - INFO - A: Modern optimization techniques can improve upon traditional backpropagation by:

1. Incorporating pr...
2025-12-20 22:46:20,141 - INFO - Quality: 0.77 | Latency: 1.44s
2025-12-20 22:46:21,158 - INFO - 
Q: What are the connections between PPO and human feedback in R...
2025-12-20 22:46:21,158 - INFO - A: There is no direct answer provided in the text, and I don't know. The text discusses the connections...
2025-12-20 22:46:21,158 - INFO - Quality: 0.52 | Latency: 1.02s
2025-12-20 22:46:21,159 - INFO - 
============================================================
2025-12-20 22:46:21,159 - INFO - Evaluating LangGraph
2025-12-20 22:46:21,159 - INFO - ============================================================
2025-12-20 22:46:21,813 - INFO - 
Q: What is the main idea behind Multiclass AdaBoost?...
2025-12-20 22:46:21,813 - INFO - A: The main idea behind Multi-class AdaBoost is not explicitly stated in the context provided....
2025-12-20 22:46:21,813 - INFO - Quality: 0.89 | Latency: 0.65s
2025-12-20 22:46:22,863 - INFO - 
Q: Explain the principles of XGBoost....
2025-12-20 22:46:22,864 - INFO - A: XGBoost's scalability is primarily due to its innovative algorithmic optimizations, which enable it ...
2025-12-20 22:46:22,864 - INFO - Quality: 0.70 | Latency: 1.05s
2025-12-20 22:46:24,147 - INFO - 
Q: How is stochastic gradient boosting applied in machine learn...
2025-12-20 22:46:24,147 - INFO - A: Stochastic gradient boosting is a type of machine learning algorithm used for classification tasks t...
2025-12-20 22:46:24,147 - INFO - Quality: 0.44 | Latency: 1.28s
2025-12-20 22:46:25,474 - INFO - 
Q: What optimization techniques are discussed in Efficient Back...
2025-12-20 22:46:25,474 - INFO - A: There are no optimization techniques discussed in Efficient Back Propagation (EBP). The context prov...
2025-12-20 22:46:25,474 - INFO - Quality: 0.46 | Latency: 1.33s
2025-12-20 22:46:26,908 - INFO - 
Q: What are the challenges discussed in traditional backpropaga...
2025-12-20 22:46:26,908 - INFO - A: Traditional backpropagation methods in traditional backpropagation are associated with various chall...
2025-12-20 22:46:26,908 - INFO - Quality: 0.82 | Latency: 1.43s
2025-12-20 22:46:28,636 - INFO - 
Q: What is the significance of Layer Normalization in neural ne...
2025-12-20 22:46:28,637 - INFO - A: I don't know the significance of Layer Normalization in neural networks.

However, I can tell you th...
2025-12-20 22:46:28,637 - INFO - Quality: 0.39 | Latency: 1.73s
2025-12-20 22:46:29,293 - INFO - 
Q: Why is Layer Normalization essential for modern neural netwo...
2025-12-20 22:46:29,293 - INFO - A: I don't know why Layer Normalization is essential for modern neural networks, as it was not explicit...
2025-12-20 22:46:29,294 - INFO - Quality: 0.57 | Latency: 0.66s
2025-12-20 22:46:29,319 - INFO - 
Q: How does StyleGAN work?...
2025-12-20 22:46:29,320 - INFO - A: I don't have enough relevant information to answer this question accurately....
2025-12-20 22:46:29,320 - INFO - Quality: 0.30 | Latency: 0.03s
2025-12-20 22:46:30,922 - INFO - 
Q: What are the key innovations in StyleGAN architecture?...
2025-12-20 22:46:30,922 - INFO - A: The key innovations in StyleGAN architecture include:

- Feature-wise transformations (e.g., [17])
-...
2025-12-20 22:46:30,922 - INFO - Quality: 0.82 | Latency: 1.60s
2025-12-20 22:46:32,532 - INFO - 
Q: Describe the architecture of BERT....
2025-12-20 22:46:32,532 - INFO - A: Here's a concise description of BERT's architecture:

BERT is a multi-layer bidirectional Transforme...
2025-12-20 22:46:32,532 - INFO - Quality: 0.71 | Latency: 1.61s
2025-12-20 22:46:34,186 - INFO - 
Q: How can word representation be estimated efficiently?...
2025-12-20 22:46:34,186 - INFO - A: Based on the context provided, it appears that two model architectures have been proposed to estimat...
2025-12-20 22:46:34,186 - INFO - Quality: 0.37 | Latency: 1.65s
2025-12-20 22:46:34,947 - INFO - 
Q: What makes BERT different from previous language models?...
2025-12-20 22:46:34,947 - INFO - A: BERT uses a bidirectional Transformer architecture, whereas previous models used either a left-to-ri...
2025-12-20 22:46:34,947 - INFO - Quality: 0.78 | Latency: 0.76s
2025-12-20 22:46:34,975 - INFO - 
Q: What role does PCA play in machine learning according to Min...
2025-12-20 22:46:34,975 - INFO - A: I don't have enough relevant information to answer this question accurately....
2025-12-20 22:46:34,976 - INFO - Quality: 0.33 | Latency: 0.03s
2025-12-20 22:46:42,710 - INFO - 
Q: Explain the mathematical foundations of PCA....
2025-12-20 22:46:42,710 - INFO - A: Here is a concise explanation of the mathematical foundations of PCA:

**Overview**

Principal Compo...
2025-12-20 22:46:42,710 - INFO - Quality: 0.75 | Latency: 7.73s
2025-12-20 22:46:44,024 - INFO - 
Q: How does LDA perform topic modeling?...
2025-12-20 22:46:44,024 - INFO - A: LDA (Latent Dirichlet Allocation) performs topic modeling by assuming each document's words are gene...
2025-12-20 22:46:44,024 - INFO - Quality: 0.36 | Latency: 1.31s
2025-12-20 22:46:45,330 - INFO - 
Q: What are the applications of Latent Dirichlet Allocation?...
2025-12-20 22:46:45,331 - INFO - A: Here are some applications of Latent Dirichlet Allocation (LDA):

- Dimensionality reduction for doc...
2025-12-20 22:46:45,331 - INFO - Quality: 0.90 | Latency: 1.31s
2025-12-20 22:46:46,449 - INFO - 
Q: Why is Naive Bayes considered optimal in some scenarios?...
2025-12-20 22:46:46,450 - INFO - A: Naive Bayes is considered optimal in scenarios where the dependencies among attributes cancel each o...
2025-12-20 22:46:46,450 - INFO - Quality: 0.90 | Latency: 1.12s
2025-12-20 22:46:47,705 - INFO - 
Q: What is the no free lunch theorem in machine learning?...
2025-12-20 22:46:47,706 - INFO - A: The practical implications of the No Free Lunch Theorem (NFL) when viewed as a statement concerning ...
2025-12-20 22:46:47,706 - INFO - Quality: 0.83 | Latency: 1.26s
2025-12-20 22:46:49,601 - INFO - 
Q: Discuss the applications of Transfer Visual Models....
2025-12-20 22:46:49,602 - INFO - A: Transferable Visual Models leverage machine learning systems that combine multiple pre-trained subsy...
2025-12-20 22:46:49,602 - INFO - Quality: 0.76 | Latency: 1.90s
2025-12-20 22:46:51,921 - INFO - 
Q: How does transfer learning improve model performance?...
2025-12-20 22:46:51,921 - INFO - A: The context does not provide a direct answer to how transfer learning improves model performance or ...
2025-12-20 22:46:51,921 - INFO - Quality: 0.41 | Latency: 2.32s
2025-12-20 22:46:54,644 - INFO - 
Q: Explain the main concepts of Proximal Policy Optimization....
2025-12-20 22:46:54,645 - INFO - A: Here is an explanation of the main concepts of Proximal Policy Optimization (PPO) based on the provi...
2025-12-20 22:46:54,645 - INFO - Quality: 0.78 | Latency: 2.72s
2025-12-20 22:46:54,688 - INFO - 
Q: What is PPO?...
2025-12-20 22:46:54,688 - INFO - A: I don't have enough relevant information to answer this question accurately....
2025-12-20 22:46:54,688 - INFO - Quality: 0.30 | Latency: 0.04s
2025-12-20 22:46:56,354 - INFO - 
Q: What are the advantages of PPO over other policy gradient me...
2025-12-20 22:46:56,355 - INFO - A: The main advantages of Proximal Policy Optimization (PPO) over other policy gradient methods are:

1...
2025-12-20 22:46:56,355 - INFO - Quality: 0.80 | Latency: 1.67s
2025-12-20 22:46:57,731 - INFO - 
Q: How does learning to summarize with human feedback work?...
2025-12-20 22:46:57,731 - INFO - A: Here is the answer to your question:

Human feedback for summarization aims to improve model output ...
2025-12-20 22:46:57,731 - INFO - Quality: 0.77 | Latency: 1.38s
2025-12-20 22:46:59,644 - INFO - 
Q: What is the impact of deep reinforcement learning from human...
2025-12-20 22:46:59,644 - INFO - A: The impact of deep reinforcement learning from human preferences is that it can solve complex tasks ...
2025-12-20 22:46:59,644 - INFO - Quality: 0.80 | Latency: 1.91s
2025-12-20 22:47:01,054 - INFO - 
Q: How are language models trained to follow instructions with ...
2025-12-20 22:47:01,055 - INFO - A: The authors train language models to follow instructions with human feedback by:

1. Collecting labe...
2025-12-20 22:47:01,055 - INFO - Quality: 0.43 | Latency: 1.41s
2025-12-20 22:47:02,160 - INFO - 
Q: What challenges are associated with aligning general languag...
2025-12-20 22:47:02,160 - INFO - A: I don't know. The text doesn't provide any specific challenges associated with aligning general lang...
2025-12-20 22:47:02,160 - INFO - Quality: 0.57 | Latency: 1.10s
2025-12-20 22:47:02,183 - INFO - 
Q: What is AdaBoost?...
2025-12-20 22:47:02,183 - INFO - A: I don't have enough relevant information to answer this question accurately....
2025-12-20 22:47:02,183 - INFO - Quality: 0.30 | Latency: 0.02s
2025-12-20 22:47:05,201 - INFO - 
Q: Explain gradient boosting...
2025-12-20 22:47:05,202 - INFO - A: Here's an explanation of gradient boosting:

Gradient boosting is a type of machine learning algorit...
2025-12-20 22:47:05,202 - INFO - Quality: 0.35 | Latency: 3.02s
2025-12-20 22:47:05,249 - INFO - 
Q: What is backpropagation?...
2025-12-20 22:47:05,249 - INFO - A: I don't have enough relevant information to answer this question accurately....
2025-12-20 22:47:05,249 - INFO - Quality: 0.30 | Latency: 0.05s
2025-12-20 22:47:05,271 - INFO - 
Q: How does PCA work?...
2025-12-20 22:47:05,271 - INFO - A: I don't have enough relevant information to answer this question accurately....
2025-12-20 22:47:05,271 - INFO - Quality: 0.30 | Latency: 0.02s
2025-12-20 22:47:05,288 - INFO - 
Q: What is LDA?...
2025-12-20 22:47:05,288 - INFO - A: I don't have enough relevant information to answer this question accurately....
2025-12-20 22:47:05,288 - INFO - Quality: 0.30 | Latency: 0.02s
2025-12-20 22:47:07,473 - INFO - 
Q: Compare XGBoost and traditional gradient boosting methods....
2025-12-20 22:47:07,473 - INFO - A: Here's a comparison of XGBoost with traditional gradient boosting methods:

XGBoost is more scalable...
2025-12-20 22:47:07,473 - INFO - Quality: 0.76 | Latency: 2.18s
2025-12-20 22:47:09,047 - INFO - 
Q: How do modern optimization techniques improve upon tradition...
2025-12-20 22:47:09,048 - INFO - A: I can try again with three sentences:

Modern optimization techniques improve upon traditional backp...
2025-12-20 22:47:09,048 - INFO - Quality: 0.75 | Latency: 1.57s
2025-12-20 22:47:10,886 - INFO - 
Q: What are the connections between PPO and human feedback in R...
2025-12-20 22:47:10,887 - INFO - A: The connections between PPO (Proximal Policy Optimization) and human feedback in RL are:

1. Using h...
2025-12-20 22:47:10,887 - INFO - Quality: 0.77 | Latency: 1.84s
2025-12-20 22:47:10,887 - INFO - 
============================================================
2025-12-20 22:47:10,887 - INFO - Evaluating DSPy
2025-12-20 22:47:10,887 - INFO - ============================================================
2025-12-20 22:47:11,680 - INFO - 
Q: What is the main idea behind Multiclass AdaBoost?...
2025-12-20 22:47:11,681 - INFO - A: The main idea behind Multi-Class AdaBoost is to directly extend the AdaBoost algorithm from binary c...
2025-12-20 22:47:11,681 - INFO - Quality: 0.89 | Latency: 0.79s
2025-12-20 22:47:13,261 - INFO - 
Q: Explain the principles of XGBoost....
2025-12-20 22:47:13,261 - INFO - A: Here is a 2-3 sentence answer explaining the principles of XGBoost:

XGBoost's success lies in its s...
2025-12-20 22:47:13,262 - INFO - Quality: 0.75 | Latency: 1.58s
2025-12-20 22:47:14,369 - INFO - 
Q: How is stochastic gradient boosting applied in machine learn...
2025-12-20 22:47:14,369 - INFO - A: Stochastic gradient boosting (SGB) is a machine learning algorithm that combines multiple weak model...
2025-12-20 22:47:14,369 - INFO - Quality: 0.83 | Latency: 1.11s
2025-12-20 22:47:15,240 - INFO - 
Q: What optimization techniques are discussed in Efficient Back...
2025-12-20 22:47:15,240 - INFO - A: Efficient Back Propagation is a type of optimization technique that uses gradient-based methods to m...
2025-12-20 22:47:15,240 - INFO - Quality: 0.82 | Latency: 0.87s
2025-12-20 22:47:16,401 - INFO - 
Q: What are the challenges discussed in traditional backpropaga...
2025-12-20 22:47:16,401 - INFO - A: The text discusses several challenges associated with traditional backpropagation methods, including...
2025-12-20 22:47:16,401 - INFO - Quality: 0.71 | Latency: 1.16s
2025-12-20 22:47:17,435 - INFO - 
Q: What is the significance of Layer Normalization in neural ne...
2025-12-20 22:47:17,436 - INFO - A: Layer Normalization improves the training speed and performance of recurrent neural networks by maki...
2025-12-20 22:47:17,436 - INFO - Quality: 0.82 | Latency: 1.03s
2025-12-20 22:47:17,944 - INFO - 
Q: Why is Layer Normalization essential for modern neural netwo...
2025-12-20 22:47:17,944 - INFO - A: Layer Normalization is essential for modern neural networks as it allows for faster training speed, ...
2025-12-20 22:47:17,944 - INFO - Quality: 0.93 | Latency: 0.51s
2025-12-20 22:47:19,258 - INFO - 
Q: How does StyleGAN work?...
2025-12-20 22:47:19,259 - INFO - A: StyleGAN generates images by applying a style-based generator that modifies the features of an input...
2025-12-20 22:47:19,259 - INFO - Quality: 0.65 | Latency: 1.31s
2025-12-20 22:47:20,237 - INFO - 
Q: What are the key innovations in StyleGAN architecture?...
2025-12-20 22:47:20,237 - INFO - A: The key innovation in StyleGAN architecture is its use of feature-wise transforma-tions, which allow...
2025-12-20 22:47:20,237 - INFO - Quality: 0.81 | Latency: 0.98s
2025-12-20 22:47:21,311 - INFO - 
Q: Describe the architecture of BERT....
2025-12-20 22:47:21,311 - INFO - A: BERT's architecture is a unifiied, multi-task model that combines the need for many task-specific ar...
2025-12-20 22:47:21,311 - INFO - Quality: 0.73 | Latency: 1.07s
2025-12-20 22:47:22,462 - INFO - 
Q: How can word representation be estimated efficiently?...
2025-12-20 22:47:22,462 - INFO - A: Word representation can be efficiently estimated by jointly learning both syntactic (word-specific) ...
2025-12-20 22:47:22,462 - INFO - Quality: 0.80 | Latency: 1.15s
2025-12-20 22:47:23,397 - INFO - 
Q: What makes BERT different from previous language models?...
2025-12-20 22:47:23,397 - INFO - A: BERT is designed differently than other language models, specifically using a "masked language model...
2025-12-20 22:47:23,398 - INFO - Quality: 0.75 | Latency: 0.93s
2025-12-20 22:47:24,290 - INFO - 
Q: What role does PCA play in machine learning according to Min...
2025-12-20 22:47:24,290 - INFO - A: According to Minka's paper, Principal Component Analysis (PCA) is used as a dimensionality reduction...
2025-12-20 22:47:24,290 - INFO - Quality: 0.78 | Latency: 0.89s
2025-12-20 22:47:26,233 - INFO - 
Q: Explain the mathematical foundations of PCA....
2025-12-20 22:47:26,233 - INFO - A: The mathematical foundation of Principal Component Analysis (PCA) is based on linear algebra and sta...
2025-12-20 22:47:26,233 - INFO - Quality: 0.70 | Latency: 1.94s
2025-12-20 22:47:27,519 - INFO - 
Q: How does LDA perform topic modeling?...
2025-12-20 22:47:27,520 - INFO - A: LDA (Latent Dirichlet Allocation) performs topic modeling by generating topics as random samples fro...
2025-12-20 22:47:27,520 - INFO - Quality: 0.66 | Latency: 1.29s
2025-12-20 22:47:28,510 - INFO - 
Q: What are the applications of Latent Dirichlet Allocation?...
2025-12-20 22:47:28,511 - INFO - A: Latent Dirichlet Allocation (LDA) has several applications, including in text analysis, sentiment an...
2025-12-20 22:47:28,511 - INFO - Quality: 0.74 | Latency: 0.99s
2025-12-20 22:47:29,441 - INFO - 
Q: Why is Naive Bayes considered optimal in some scenarios?...
2025-12-20 22:47:29,441 - INFO - A: Naive Bayes is considered optimal because it takes into account the dependencies among attributes, w...
2025-12-20 22:47:29,441 - INFO - Quality: 0.84 | Latency: 0.93s
2025-12-20 22:47:30,402 - INFO - 
Q: What is the no free lunch theorem in machine learning?...
2025-12-20 22:47:30,403 - INFO - A: The "no free lunch" theorem in machine learning states that there is no algorithm that can guarantee...
2025-12-20 22:47:30,403 - INFO - Quality: 0.87 | Latency: 0.96s
2025-12-20 22:47:31,586 - INFO - 
Q: Discuss the applications of Transfer Visual Models....
2025-12-20 22:47:31,587 - INFO - A: Transferable visual models are designed to connect vision and language by leveraging pre-trained sub...
2025-12-20 22:47:31,587 - INFO - Quality: 0.67 | Latency: 1.18s
2025-12-20 22:47:32,804 - INFO - 
Q: How does transfer learning improve model performance?...
2025-12-20 22:47:32,805 - INFO - A: Transfer learning improves model performance by fine-tuning pre-trained models on relevant tasks, al...
2025-12-20 22:47:32,805 - INFO - Quality: 0.72 | Latency: 1.22s
2025-12-20 22:47:33,819 - INFO - 
Q: Explain the main concepts of Proximal Policy Optimization....
2025-12-20 22:47:33,819 - INFO - A: Proximal Policy Optimization (PPO) algorithms alternate between sampling data through interaction wi...
2025-12-20 22:47:33,819 - INFO - Quality: 0.73 | Latency: 1.01s
2025-12-20 22:47:34,642 - INFO - 
Q: What is PPO?...
2025-12-20 22:47:34,642 - INFO - A: PPO stands for Proximal Policy Optimization, a model-agnostic reinforcement learning method used in ...
2025-12-20 22:47:34,643 - INFO - Quality: 0.70 | Latency: 0.82s
2025-12-20 22:47:35,763 - INFO - 
Q: What are the advantages of PPO over other policy gradient me...
2025-12-20 22:47:35,763 - INFO - A: PPO (Proximal Policy Optimization) outperforms other policy gradient methods in terms of balance bet...
2025-12-20 22:47:35,763 - INFO - Quality: 0.76 | Latency: 1.12s
2025-12-20 22:47:36,813 - INFO - 
Q: How does learning to summarize with human feedback work?...
2025-12-20 22:47:36,814 - INFO - A: Learning to summarize with human feedback involves training language models on objectives that captu...
2025-12-20 22:47:36,814 - INFO - Quality: 0.81 | Latency: 1.05s
2025-12-20 22:47:37,484 - INFO - 
Q: What is the impact of deep reinforcement learning from human...
2025-12-20 22:47:37,484 - INFO - A: Deep Reinforcement Learning from Human Preferences has shown promising results in scaling up state-o...
2025-12-20 22:47:37,484 - INFO - Quality: 0.86 | Latency: 0.67s
2025-12-20 22:47:38,734 - INFO - 
Q: How are language models trained to follow instructions with ...
2025-12-20 22:47:38,734 - INFO - A: Language models like InstructGPT are trained using a combination of supervised learning and reinforc...
2025-12-20 22:47:38,735 - INFO - Quality: 0.82 | Latency: 1.25s
2025-12-20 22:47:39,802 - INFO - 
Q: What challenges are associated with aligning general languag...
2025-12-20 22:47:39,802 - INFO - A: Aligning general language assistants poses several challenges, including the need for a robust and r...
2025-12-20 22:47:39,802 - INFO - Quality: 0.73 | Latency: 1.07s
2025-12-20 22:47:40,993 - INFO - 
Q: What is AdaBoost?...
2025-12-20 22:47:40,994 - INFO - A: AdaBoost (Adaptive Boosting) is an iterative procedure used to approximate the Bayes classifier C∗(x...
2025-12-20 22:47:40,994 - INFO - Quality: 0.74 | Latency: 1.19s
2025-12-20 22:47:41,980 - INFO - 
Q: Explain gradient boosting...
2025-12-20 22:47:41,980 - INFO - A: Gradient boosting is an algorithm that combines multiple decision trees to create a more accurate mo...
2025-12-20 22:47:41,980 - INFO - Quality: 0.84 | Latency: 0.99s
2025-12-20 22:47:42,930 - INFO - 
Q: What is backpropagation?...
2025-12-20 22:47:42,930 - INFO - A: Backpropagation is an algorithm used in machine learning to train neural networks by minimizing the ...
2025-12-20 22:47:42,930 - INFO - Quality: 0.35 | Latency: 0.95s
2025-12-20 22:47:44,131 - INFO - 
Q: How does PCA work?...
2025-12-20 22:47:44,131 - INFO - A: PCA (Principal Component Analysis) works by identifying the most important features or components in...
2025-12-20 22:47:44,131 - INFO - Quality: 0.77 | Latency: 1.20s
2025-12-20 22:47:44,707 - INFO - 
Q: What is LDA?...
2025-12-20 22:47:44,707 - INFO - A: LDA stands for Latent Dirichlet Allocation, a statistical model used for topic modeling and text cla...
2025-12-20 22:47:44,707 - INFO - Quality: 0.70 | Latency: 0.58s
2025-12-20 22:47:45,863 - INFO - 
Q: Compare XGBoost and traditional gradient boosting methods....
2025-12-20 22:47:45,863 - INFO - A: Here is a concise comparison of XGBoost and traditional gradient boosting methods:

XGBoost excels i...
2025-12-20 22:47:45,863 - INFO - Quality: 0.80 | Latency: 1.16s
2025-12-20 22:47:46,874 - INFO - 
Q: How do modern optimization techniques improve upon tradition...
2025-12-20 22:47:46,874 - INFO - A: Modern optimization techniques, such as evolutionary algorithms, have improved upon traditional back...
2025-12-20 22:47:46,875 - INFO - Quality: 0.74 | Latency: 1.01s
2025-12-20 22:47:47,840 - INFO - 
Q: What are the connections between PPO and human feedback in R...
2025-12-20 22:47:47,840 - INFO - A: There is no direct connection stated between PPO (Proximal Policy Optimization) and human feedback i...
2025-12-20 22:47:47,841 - INFO - Quality: 0.80 | Latency: 0.97s
2025-12-20 22:53:35,699 - INFO - Loading faiss.
2025-12-20 22:53:35,727 - INFO - Successfully loaded faiss.
2025-12-20 22:53:40,101 - INFO - Loading documents...
2025-12-20 22:53:40,101 - INFO - Scanning directory for PDF files: rag-data
2025-12-20 22:53:40,102 - INFO - Found 19 PDF file(s).
2025-12-20 22:53:40,102 - INFO - Processing PDF: rag-data/ML/MulticlassAdaBoost.pdf
2025-12-20 22:53:40,291 - INFO - Successfully loaded 12 document(s) from: rag-data/ML/MulticlassAdaBoost.pdf
2025-12-20 22:53:40,292 - INFO - Processing PDF: rag-data/ML/XGBoost.pdf
2025-12-20 22:53:40,480 - INFO - Successfully loaded 13 document(s) from: rag-data/ML/XGBoost.pdf
2025-12-20 22:53:40,480 - INFO - Processing PDF: rag-data/ML/EfficientBackProp.pdf
2025-12-20 22:53:40,873 - INFO - Successfully loaded 44 document(s) from: rag-data/ML/EfficientBackProp.pdf
2025-12-20 22:53:40,874 - INFO - Processing PDF: rag-data/ML/StyleGAN.pdf
2025-12-20 22:53:40,962 - INFO - Successfully loaded 12 document(s) from: rag-data/ML/StyleGAN.pdf
2025-12-20 22:53:40,962 - INFO - Processing PDF: rag-data/ML/minka-pca.pdf
2025-12-20 22:53:41,024 - INFO - Successfully loaded 16 document(s) from: rag-data/ML/minka-pca.pdf
2025-12-20 22:53:41,024 - INFO - Processing PDF: rag-data/ML/StochasticGradientBoosting.pdf
2025-12-20 22:53:41,081 - INFO - Successfully loaded 10 document(s) from: rag-data/ML/StochasticGradientBoosting.pdf
2025-12-20 22:53:41,081 - INFO - Processing PDF: rag-data/ML/backprop_old.pdf
2025-12-20 22:53:41,083 - INFO - Successfully loaded 4 document(s) from: rag-data/ML/backprop_old.pdf
2025-12-20 22:53:41,083 - INFO - Processing PDF: rag-data/ML/LDA.pdf
2025-12-20 22:53:41,228 - INFO - Successfully loaded 30 document(s) from: rag-data/ML/LDA.pdf
2025-12-20 22:53:41,228 - INFO - Processing PDF: rag-data/ML/BERT.pdf
2025-12-20 22:53:41,325 - INFO - Successfully loaded 16 document(s) from: rag-data/ML/BERT.pdf
2025-12-20 22:53:41,325 - INFO - Processing PDF: rag-data/ML/LayerNormalization.pdf
2025-12-20 22:53:41,418 - INFO - Successfully loaded 14 document(s) from: rag-data/ML/LayerNormalization.pdf
2025-12-20 22:53:41,418 - INFO - Processing PDF: rag-data/ML/TransferVisualModels.pdf
2025-12-20 22:53:41,967 - INFO - Successfully loaded 48 document(s) from: rag-data/ML/TransferVisualModels.pdf
2025-12-20 22:53:41,967 - INFO - Processing PDF: rag-data/ML/Nofreelunch.pdf
2025-12-20 22:53:42,118 - INFO - Successfully loaded 16 document(s) from: rag-data/ML/Nofreelunch.pdf
2025-12-20 22:53:42,118 - INFO - Processing PDF: rag-data/ML/Efficientestimationofwordrep.pdf
2025-12-20 22:53:42,170 - INFO - Successfully loaded 12 document(s) from: rag-data/ML/Efficientestimationofwordrep.pdf
2025-12-20 22:53:42,170 - INFO - Processing PDF: rag-data/ML/OptimalityofNaiveBayes.pdf
2025-12-20 22:53:42,211 - INFO - Successfully loaded 6 document(s) from: rag-data/ML/OptimalityofNaiveBayes.pdf
2025-12-20 22:53:42,211 - INFO - Processing PDF: rag-data/RL/A_General_Language_Assistant_as_a_Laboratory_for_Alignment_v3.pdf
2025-12-20 22:53:42,505 - INFO - Successfully loaded 48 document(s) from: rag-data/RL/A_General_Language_Assistant_as_a_Laboratory_for_Alignment_v3.pdf
2025-12-20 22:53:42,505 - INFO - Processing PDF: rag-data/RL/NeurIPS-2020-learning-to-summarize-with-human-feedback-Paper.pdf
2025-12-20 22:53:42,590 - INFO - Successfully loaded 14 document(s) from: rag-data/RL/NeurIPS-2020-learning-to-summarize-with-human-feedback-Paper.pdf
2025-12-20 22:53:42,590 - INFO - Processing PDF: rag-data/RL/Deep_Reinforcement_Learning_from_Human_Preferencesv4.pdf
2025-12-20 22:53:42,665 - INFO - Successfully loaded 17 document(s) from: rag-data/RL/Deep_Reinforcement_Learning_from_Human_Preferencesv4.pdf
2025-12-20 22:53:42,666 - INFO - Processing PDF: rag-data/RL/Training language models to follow instructions with human feedback.pdf
2025-12-20 22:53:42,928 - INFO - Successfully loaded 68 document(s) from: rag-data/RL/Training language models to follow instructions with human feedback.pdf
2025-12-20 22:53:42,928 - INFO - Processing PDF: rag-data/RL/Proximal_Policy_Optimization_Algorithms.pdf
2025-12-20 22:53:43,100 - INFO - Successfully loaded 12 document(s) from: rag-data/RL/Proximal_Policy_Optimization_Algorithms.pdf
2025-12-20 22:53:43,100 - INFO - Completed processing. Total documents loaded: 412.
2025-12-20 22:54:41,632 - INFO - 
============================================================
2025-12-20 22:54:41,633 - INFO - PART 1: RETRIEVAL QUALITY EVALUATION
2025-12-20 22:54:41,633 - INFO - ============================================================
2025-12-20 22:54:42,449 - INFO - 
============================================================
2025-12-20 22:54:42,449 - INFO - PART 2: GENERATION QUALITY EVALUATION
2025-12-20 22:54:42,449 - INFO - ============================================================
2025-12-20 22:54:42,449 - INFO - 
============================================================
2025-12-20 22:54:42,449 - INFO - Evaluating Standard RAG
2025-12-20 22:54:42,449 - INFO - ============================================================
2025-12-20 22:54:45,616 - INFO - 
Q: What is the main idea behind Multiclass AdaBoost?...
2025-12-20 22:54:45,616 - INFO - A: The main idea behind Multiclass AdaBoost is to extend the traditional AdaBoost algorithm from two-cl...
2025-12-20 22:54:45,616 - INFO - Quality: 0.92 | Latency: 3.17s
2025-12-20 22:54:46,951 - INFO - 
Q: Explain the principles of XGBoost....
2025-12-20 22:54:46,952 - INFO - A: The success of XGBoost can be attributed to its ability to handle large-scale datasets efficiently, ...
2025-12-20 22:54:46,952 - INFO - Quality: 0.71 | Latency: 1.33s
2025-12-20 22:54:48,514 - INFO - 
Q: How is stochastic gradient boosting applied in machine learn...
2025-12-20 22:54:48,515 - INFO - A: Stochastic gradient boosting is an ensemble learning technique that combines multiple weak models to...
2025-12-20 22:54:48,515 - INFO - Quality: 0.77 | Latency: 1.56s
2025-12-20 22:54:49,840 - INFO - 
Q: What optimization techniques are discussed in Efficient Back...
2025-12-20 22:54:49,840 - INFO - A: The optimization techniques discussed in Efficient Back Propagation are:

* The "no free lunch" (NFL...
2025-12-20 22:54:49,841 - INFO - Quality: 0.44 | Latency: 1.32s
2025-12-20 22:54:51,020 - INFO - 
Q: What are the challenges discussed in traditional backpropaga...
2025-12-20 22:54:51,020 - INFO - A: Traditional backpropagation methods in the context of natural language processing (NLP) often addres...
2025-12-20 22:54:51,020 - INFO - Quality: 0.86 | Latency: 1.18s
2025-12-20 22:54:52,571 - INFO - 
Q: What is the significance of Layer Normalization in neural ne...
2025-12-20 22:54:52,571 - INFO - A: There is no specific answer to the significance of Layer Normalization in neural networks within thi...
2025-12-20 22:54:52,571 - INFO - Quality: 0.79 | Latency: 1.55s
2025-12-20 22:54:53,996 - INFO - 
Q: Why is Layer Normalization essential for modern neural netwo...
2025-12-20 22:54:53,997 - INFO - A: Layer normalization is essential for modern neural networks because it helps stabilize the hidden st...
2025-12-20 22:54:53,997 - INFO - Quality: 0.79 | Latency: 1.42s
2025-12-20 22:54:55,895 - INFO - 
Q: How does StyleGAN work?...
2025-12-20 22:54:55,896 - INFO - A: Here are three concise sentences summarizing how StyleGAN works:

StyleGAN generates a novel image b...
2025-12-20 22:54:55,896 - INFO - Quality: 0.70 | Latency: 1.90s
2025-12-20 22:54:58,055 - INFO - 
Q: What are the key innovations in StyleGAN architecture?...
2025-12-20 22:54:58,056 - INFO - A: The key innovations in StyleGAN architecture mentioned are:

1. Using feature-wise transformations f...
2025-12-20 22:54:58,056 - INFO - Quality: 0.78 | Latency: 2.16s
2025-12-20 22:54:59,571 - INFO - 
Q: Describe the architecture of BERT....
2025-12-20 22:54:59,571 - INFO - A: Here's a concise description of the BERT architecture:

BERT (Bidirectional Encoder Representations ...
2025-12-20 22:54:59,571 - INFO - Quality: 0.73 | Latency: 1.52s
2025-12-20 22:55:00,619 - INFO - 
Q: How can word representation be estimated efficiently?...
2025-12-20 22:55:00,620 - INFO - A: Based on the context provided, here is a concise answer:

These architectures aim to efficiently est...
2025-12-20 22:55:00,620 - INFO - Quality: 0.74 | Latency: 1.05s
2025-12-20 22:55:01,737 - INFO - 
Q: What makes BERT different from previous language models?...
2025-12-20 22:55:01,738 - INFO - A: BERT differs from previous language models in its bidirectional pre-training approach, where both le...
2025-12-20 22:55:01,738 - INFO - Quality: 0.83 | Latency: 1.12s
2025-12-20 22:55:03,312 - INFO - 
Q: What role does PCA play in machine learning according to Min...
2025-12-20 22:55:03,312 - INFO - A: I do not know the answer to the question about Minka's paper regarding the role of PCA in machine le...
2025-12-20 22:55:03,312 - INFO - Quality: 0.92 | Latency: 1.57s
2025-12-20 22:55:10,373 - INFO - 
Q: Explain the mathematical foundations of PCA....
2025-12-20 22:55:10,373 - INFO - A: Here's an explanation of the mathematical foundations of Principal Component Analysis (PCA):

Princi...
2025-12-20 22:55:10,374 - INFO - Quality: 0.80 | Latency: 7.06s
2025-12-20 22:55:11,450 - INFO - 
Q: How does LDA perform topic modeling?...
2025-12-20 22:55:11,451 - INFO - A: LDA (Latent Dirichlet Allocation) performs topic modeling by generating a distribution of words in e...
2025-12-20 22:55:11,451 - INFO - Quality: 0.75 | Latency: 1.08s
2025-12-20 22:55:13,038 - INFO - 
Q: What are the applications of Latent Dirichlet Allocation?...
2025-12-20 22:55:13,039 - INFO - A: The applications of Latent Dirichlet Allocation (LDA) include:

1. Document collections for dimensio...
2025-12-20 22:55:13,039 - INFO - Quality: 0.82 | Latency: 1.59s
2025-12-20 22:55:13,990 - INFO - 
Q: Why is Naive Bayes considered optimal in some scenarios?...
2025-12-20 22:55:13,990 - INFO - A: The answer is that Naive Bayes is considered optimal in some scenarios because the dependence among ...
2025-12-20 22:55:13,991 - INFO - Quality: 0.93 | Latency: 0.95s
2025-12-20 22:55:15,548 - INFO - 
Q: What is the no free lunch theorem in machine learning?...
2025-12-20 22:55:15,548 - INFO - A: The practical implications of the "No Free Lunch Theorems for Optimization" study by David H. Wolper...
2025-12-20 22:55:15,549 - INFO - Quality: 0.73 | Latency: 1.56s
2025-12-20 22:55:17,318 - INFO - 
Q: Discuss the applications of Transfer Visual Models....
2025-12-20 22:55:17,318 - INFO - A: The applications of Transfer Visual Models include:

1. **Visual question answering**: These models ...
2025-12-20 22:55:17,318 - INFO - Quality: 0.37 | Latency: 1.77s
2025-12-20 22:55:18,722 - INFO - 
Q: How does transfer learning improve model performance?...
2025-12-20 22:55:18,722 - INFO - A: Here's a concise answer:

Transfer learning improves model performance by enabling models to leverag...
2025-12-20 22:55:18,722 - INFO - Quality: 0.76 | Latency: 1.40s
2025-12-20 22:55:21,900 - INFO - 
Q: Explain the main concepts of Proximal Policy Optimization....
2025-12-20 22:55:21,900 - INFO - A: Here is an explanation of the main concepts of Proximal Policy Optimization (PPO):

Proximal Policy ...
2025-12-20 22:55:21,900 - INFO - Quality: 0.78 | Latency: 3.18s
2025-12-20 22:55:23,104 - INFO - 
Q: What is PPO?...
2025-12-20 22:55:23,105 - INFO - A: The PPO model is a type of reinforcement learning algorithm used for machine learning tasks. It uses...
2025-12-20 22:55:23,105 - INFO - Quality: 0.80 | Latency: 1.20s
2025-12-20 22:55:25,126 - INFO - 
Q: What are the advantages of PPO over other policy gradient me...
2025-12-20 22:55:25,127 - INFO - A: Here are the advantages of Proximal Policy Optimization (PPO) over other policy gradient methods:

1...
2025-12-20 22:55:25,127 - INFO - Quality: 0.80 | Latency: 2.02s
2025-12-20 22:55:26,609 - INFO - 
Q: How does learning to summarize with human feedback work?...
2025-12-20 22:55:26,610 - INFO - A: Here is a concise answer to your question:

The authors show that training a summarization model wit...
2025-12-20 22:55:26,610 - INFO - Quality: 0.76 | Latency: 1.48s
2025-12-20 22:55:27,482 - INFO - 
Q: What is the impact of deep reinforcement learning from human...
2025-12-20 22:55:27,482 - INFO - A: I don't know. The context provided does not mention how deep reinforcement learning from human prefe...
2025-12-20 22:55:27,483 - INFO - Quality: 0.49 | Latency: 0.87s
2025-12-20 22:55:28,828 - INFO - 
Q: How are language models trained to follow instructions with ...
2025-12-20 22:55:28,828 - INFO - A: Language models can be trained with human feedback through various methods. This involves using labe...
2025-12-20 22:55:28,829 - INFO - Quality: 0.76 | Latency: 1.35s
2025-12-20 22:55:30,136 - INFO - 
Q: What challenges are associated with aligning general languag...
2025-12-20 22:55:30,136 - INFO - A: I don't know. The text does not provide specific challenges associated with aligning general languag...
2025-12-20 22:55:30,136 - INFO - Quality: 0.43 | Latency: 1.31s
2025-12-20 22:55:31,768 - INFO - 
Q: What is AdaBoost?...
2025-12-20 22:55:31,768 - INFO - A: AdaBoost is an iterative procedure that tries to approximate the Bayes classifier C∗(x) by combining...
2025-12-20 22:55:31,768 - INFO - Quality: 0.72 | Latency: 1.63s
2025-12-20 22:55:33,397 - INFO - 
Q: Explain gradient boosting...
2025-12-20 22:55:33,398 - INFO - A: Gradient boosting is a machine learning algorithm that uses additive models to predict outcomes. It ...
2025-12-20 22:55:33,398 - INFO - Quality: 0.75 | Latency: 1.63s
2025-12-20 22:55:34,624 - INFO - 
Q: What is backpropagation?...
2025-12-20 22:55:34,625 - INFO - A: There is no mention of "backpropagation" in the provided context about BERT (Bidirectional Encoder R...
2025-12-20 22:55:34,625 - INFO - Quality: 0.80 | Latency: 1.23s
2025-12-20 22:55:38,975 - INFO - 
Q: How does PCA work?...
2025-12-20 22:55:38,976 - INFO - A: PCA (Principal Component Analysis) is a method for reducing the dimensionality of high-dimensional d...
2025-12-20 22:55:38,976 - INFO - Quality: 0.62 | Latency: 4.35s
2025-12-20 22:55:39,998 - INFO - 
Q: What is LDA?...
2025-12-20 22:55:39,998 - INFO - A: LDA (Latent Dirichlet Allocation) is a topic modeling algorithm that represents text data as a mixtu...
2025-12-20 22:55:39,999 - INFO - Quality: 0.80 | Latency: 1.02s
2025-12-20 22:55:41,613 - INFO - 
Q: Compare XGBoost and traditional gradient boosting methods....
2025-12-20 22:55:41,614 - INFO - A: Here's a comparison between XGBoost and traditional gradient boosting methods:

XGBoost excels in sc...
2025-12-20 22:55:41,614 - INFO - Quality: 0.77 | Latency: 1.61s
2025-12-20 22:55:43,964 - INFO - 
Q: How do modern optimization techniques improve upon tradition...
2025-12-20 22:55:43,965 - INFO - A: Modern optimization techniques can improve upon traditional backpropagation by incorporating additio...
2025-12-20 22:55:43,965 - INFO - Quality: 0.75 | Latency: 2.35s
2025-12-20 22:55:44,955 - INFO - 
Q: What are the connections between PPO and human feedback in R...
2025-12-20 22:55:44,955 - INFO - A: There is no direct answer to this question. The provided text discusses an alternative approach for ...
2025-12-20 22:55:44,956 - INFO - Quality: 0.92 | Latency: 0.99s
2025-12-20 22:55:44,956 - INFO - 
============================================================
2025-12-20 22:55:44,956 - INFO - Evaluating LangGraph
2025-12-20 22:55:44,956 - INFO - ============================================================
2025-12-20 22:55:45,878 - INFO - 
Q: What is the main idea behind Multiclass AdaBoost?...
2025-12-20 22:55:45,878 - INFO - A: The main idea behind Multiclass AdaBoost is to extend the AdaBoost algorithm from binary classificat...
2025-12-20 22:55:45,878 - INFO - Quality: 0.92 | Latency: 0.92s
2025-12-20 22:55:46,894 - INFO - 
Q: Explain the principles of XGBoost....
2025-12-20 22:55:46,894 - INFO - A: There is no specific answer to this question. The text does not provide a comprehensive explanation ...
2025-12-20 22:55:46,894 - INFO - Quality: 0.86 | Latency: 1.02s
2025-12-20 22:55:48,414 - INFO - 
Q: How is stochastic gradient boosting applied in machine learn...
2025-12-20 22:55:48,415 - INFO - A: Stochastic gradient boosting is a machine learning technique that combines multiple weak models to c...
2025-12-20 22:55:48,415 - INFO - Quality: 0.79 | Latency: 1.52s
2025-12-20 22:55:49,048 - INFO - 
Q: What optimization techniques are discussed in Efficient Back...
2025-12-20 22:55:49,048 - INFO - A: No free lunch theorems are discussed in Efficient Back Propagation....
2025-12-20 22:55:49,048 - INFO - Quality: 0.87 | Latency: 0.63s
2025-12-20 22:55:50,242 - INFO - 
Q: What are the challenges discussed in traditional backpropaga...
2025-12-20 22:55:50,243 - INFO - A: The challenges in traditional backpropagation methods include:

* Identifying potential failure mode...
2025-12-20 22:55:50,243 - INFO - Quality: 0.87 | Latency: 1.19s
2025-12-20 22:55:50,794 - INFO - 
Q: What is the significance of Layer Normalization in neural ne...
2025-12-20 22:55:50,794 - INFO - A: I don't know the significance of Layer Normalization in neural networks from the context provided....
2025-12-20 22:55:50,794 - INFO - Quality: 0.51 | Latency: 0.55s
2025-12-20 22:55:51,709 - INFO - 
Q: Why is Layer Normalization essential for modern neural netwo...
2025-12-20 22:55:51,709 - INFO - A: Layer normalization is essential for modern neural networks because it allows for invariant feature ...
2025-12-20 22:55:51,709 - INFO - Quality: 0.55 | Latency: 0.91s
2025-12-20 22:55:51,729 - INFO - 
Q: How does StyleGAN work?...
2025-12-20 22:55:51,729 - INFO - A: I don't have enough relevant information to answer this question accurately....
2025-12-20 22:55:51,729 - INFO - Quality: 0.30 | Latency: 0.02s
2025-12-20 22:55:54,727 - INFO - 
Q: What are the key innovations in StyleGAN architecture?...
2025-12-20 22:55:54,727 - INFO - A: The key innovations in StyleGAN architecture include:

1. Feature-wise transformations: This approac...
2025-12-20 22:55:54,727 - INFO - Quality: 0.74 | Latency: 3.00s
2025-12-20 22:55:56,680 - INFO - 
Q: Describe the architecture of BERT....
2025-12-20 22:55:56,681 - INFO - A: The architecture of BERT (Bidirectional Encoder Representations from Transformers) is a multi-layer ...
2025-12-20 22:55:56,681 - INFO - Quality: 0.73 | Latency: 1.95s
2025-12-20 22:55:57,946 - INFO - 
Q: How can word representation be estimated efficiently?...
2025-12-20 22:55:57,946 - INFO - A: I don't know how to estimate word representations efficiently in a way that is comparable to previou...
2025-12-20 22:55:57,946 - INFO - Quality: 0.38 | Latency: 1.26s
2025-12-20 22:55:59,150 - INFO - 
Q: What makes BERT different from previous language models?...
2025-12-20 22:55:59,150 - INFO - A: BERT differs from previous language models in its bidirectional pre-training architecture, which joi...
2025-12-20 22:55:59,150 - INFO - Quality: 0.81 | Latency: 1.20s
2025-12-20 22:55:59,196 - INFO - 
Q: What role does PCA play in machine learning according to Min...
2025-12-20 22:55:59,196 - INFO - A: I don't have enough relevant information to answer this question accurately....
2025-12-20 22:55:59,196 - INFO - Quality: 0.33 | Latency: 0.05s
2025-12-20 22:56:05,468 - INFO - 
Q: Explain the mathematical foundations of PCA....
2025-12-20 22:56:05,468 - INFO - A: Here is the answer to your question:

PCA (Principal Component Analysis) is a technique used for dim...
2025-12-20 22:56:05,468 - INFO - Quality: 0.40 | Latency: 6.27s
2025-12-20 22:56:06,662 - INFO - 
Q: How does LDA perform topic modeling?...
2025-12-20 22:56:06,662 - INFO - A: LDA performs topic modeling by generating a distribution of words for each document, where each word...
2025-12-20 22:56:06,662 - INFO - Quality: 0.77 | Latency: 1.19s
2025-12-20 22:56:07,646 - INFO - 
Q: What are the applications of Latent Dirichlet Allocation?...
2025-12-20 22:56:07,647 - INFO - A: The applications of Latent Dirichlet Allocation (LDA) include:

* Text modeling for document collect...
2025-12-20 22:56:07,647 - INFO - Quality: 0.89 | Latency: 0.98s
2025-12-20 22:56:08,615 - INFO - 
Q: Why is Naive Bayes considered optimal in some scenarios?...
2025-12-20 22:56:08,615 - INFO - A: Here's a concise and clear answer:

Naive Bayes is considered optimal in some scenarios because the ...
2025-12-20 22:56:08,615 - INFO - Quality: 0.93 | Latency: 0.97s
2025-12-20 22:56:10,137 - INFO - 
Q: What is the no free lunch theorem in machine learning?...
2025-12-20 22:56:10,137 - INFO - A: The "no free lunch theorem" (NFL) for optimization refers to the idea that any algorithm's performan...
2025-12-20 22:56:10,137 - INFO - Quality: 0.73 | Latency: 1.52s
2025-12-20 22:56:11,527 - INFO - 
Q: Discuss the applications of Transfer Visual Models....
2025-12-20 22:56:11,527 - INFO - A: Transferable Visual Models are a type of approach that combines the strengths of multiple pre-traine...
2025-12-20 22:56:11,527 - INFO - Quality: 0.78 | Latency: 1.39s
2025-12-20 22:56:13,784 - INFO - 
Q: How does transfer learning improve model performance?...
2025-12-20 22:56:13,785 - INFO - A: The question asks how transfer learning improves model performance, but without knowing specific det...
2025-12-20 22:56:13,785 - INFO - Quality: 0.72 | Latency: 2.26s
2025-12-20 22:56:16,371 - INFO - 
Q: Explain the main concepts of Proximal Policy Optimization....
2025-12-20 22:56:16,371 - INFO - A: Proximal Policy Optimization (PPO) is a family of policy gradient methods that alternate between sam...
2025-12-20 22:56:16,372 - INFO - Quality: 0.81 | Latency: 2.59s
2025-12-20 22:56:16,432 - INFO - 
Q: What is PPO?...
2025-12-20 22:56:16,432 - INFO - A: I don't have enough relevant information to answer this question accurately....
2025-12-20 22:56:16,432 - INFO - Quality: 0.30 | Latency: 0.06s
2025-12-20 22:56:17,778 - INFO - 
Q: What are the advantages of PPO over other policy gradient me...
2025-12-20 22:56:17,778 - INFO - A: PPO is distinguished from other policy gradient methods by its ability to optimize multiple data poi...
2025-12-20 22:56:17,779 - INFO - Quality: 0.75 | Latency: 1.35s
2025-12-20 22:56:19,087 - INFO - 
Q: How does learning to summarize with human feedback work?...
2025-12-20 22:56:19,087 - INFO - A: Here's three sentences summarizing how learning to summarize with human feedback works:

Training a ...
2025-12-20 22:56:19,087 - INFO - Quality: 0.86 | Latency: 1.31s
2025-12-20 22:56:20,844 - INFO - 
Q: What is the impact of deep reinforcement learning from human...
2025-12-20 22:56:20,845 - INFO - A: Here are the answers to your question in three sentences or less:

The impact of deep reinforcement ...
2025-12-20 22:56:20,845 - INFO - Quality: 0.80 | Latency: 1.76s
2025-12-20 22:56:22,077 - INFO - 
Q: How are language models trained to follow instructions with ...
2025-12-20 22:56:22,078 - INFO - A: Language models are trained to follow instructions with human feedback by first collecting labeler-w...
2025-12-20 22:56:22,078 - INFO - Quality: 0.90 | Latency: 1.23s
2025-12-20 22:56:22,925 - INFO - 
Q: What challenges are associated with aligning general languag...
2025-12-20 22:56:22,925 - INFO - A: I don't know. The text provides a context about general language assistants but doesn't explicitly s...
2025-12-20 22:56:22,925 - INFO - Quality: 0.37 | Latency: 0.85s
2025-12-20 22:56:22,949 - INFO - 
Q: What is AdaBoost?...
2025-12-20 22:56:22,949 - INFO - A: I don't have enough relevant information to answer this question accurately....
2025-12-20 22:56:22,949 - INFO - Quality: 0.30 | Latency: 0.02s
2025-12-20 22:56:25,461 - INFO - 
Q: Explain gradient boosting...
2025-12-20 22:56:25,461 - INFO - A: Here's an explanation of gradient boosting:

Gradient boosting is a machine learning algorithm that ...
2025-12-20 22:56:25,462 - INFO - Quality: 0.35 | Latency: 2.51s
2025-12-20 22:56:25,515 - INFO - 
Q: What is backpropagation?...
2025-12-20 22:56:25,515 - INFO - A: I don't have enough relevant information to answer this question accurately....
2025-12-20 22:56:25,515 - INFO - Quality: 0.30 | Latency: 0.05s
2025-12-20 22:56:25,537 - INFO - 
Q: How does PCA work?...
2025-12-20 22:56:25,537 - INFO - A: I don't have enough relevant information to answer this question accurately....
2025-12-20 22:56:25,537 - INFO - Quality: 0.30 | Latency: 0.02s
2025-12-20 22:56:25,555 - INFO - 
Q: What is LDA?...
2025-12-20 22:56:25,556 - INFO - A: I don't have enough relevant information to answer this question accurately....
2025-12-20 22:56:25,556 - INFO - Quality: 0.30 | Latency: 0.02s
2025-12-20 22:56:27,161 - INFO - 
Q: Compare XGBoost and traditional gradient boosting methods....
2025-12-20 22:56:27,162 - INFO - A: Here is the comparison between XGBoost and traditional gradient boosting methods:

XGBoost excels in...
2025-12-20 22:56:27,162 - INFO - Quality: 0.78 | Latency: 1.61s
2025-12-20 22:56:28,725 - INFO - 
Q: How do modern optimization techniques improve upon tradition...
2025-12-20 22:56:28,725 - INFO - A: I don't know, as the text doesn't provide any information about optimization techniques improving up...
2025-12-20 22:56:28,725 - INFO - Quality: 0.33 | Latency: 1.56s
2025-12-20 22:56:30,767 - INFO - 
Q: What are the connections between PPO and human feedback in R...
2025-12-20 22:56:30,767 - INFO - A: Here are the connections between PPO and human feedback in RL, based on the context:

PPO (Proximal ...
2025-12-20 22:56:30,767 - INFO - Quality: 0.80 | Latency: 2.04s
2025-12-20 22:56:30,768 - INFO - 
============================================================
2025-12-20 22:56:30,768 - INFO - Evaluating DSPy
2025-12-20 22:56:30,768 - INFO - ============================================================
2025-12-20 22:56:31,733 - INFO - 
Q: What is the main idea behind Multiclass AdaBoost?...
2025-12-20 22:56:31,734 - INFO - A: The main idea behind Multiclass AdaBoost is to extend the original AdaBoost algorithm for multi-clas...
2025-12-20 22:56:31,734 - INFO - Quality: 0.92 | Latency: 0.97s
2025-12-20 22:56:32,731 - INFO - 
Q: Explain the principles of XGBoost....
2025-12-20 22:56:32,731 - INFO - A: XGBoost is a scalable machine learning model that uses a novel tree learning algorithm, known as "bo...
2025-12-20 22:56:32,731 - INFO - Quality: 0.73 | Latency: 1.00s
2025-12-20 22:56:33,708 - INFO - 
Q: How is stochastic gradient boosting applied in machine learn...
2025-12-20 22:56:33,708 - INFO - A: Here's a concise answer:

Stochastic gradient boosting is an ensemble method that combines multiple ...
2025-12-20 22:56:33,708 - INFO - Quality: 0.38 | Latency: 0.98s
2025-12-20 22:56:34,409 - INFO - 
Q: What optimization techniques are discussed in Efficient Back...
2025-12-20 22:56:34,409 - INFO - A: Efficient Back Propagation is a technique used for training neural networks, but no specific optimiz...
2025-12-20 22:56:34,409 - INFO - Quality: 0.90 | Latency: 0.70s
2025-12-20 22:56:35,527 - INFO - 
Q: What are the challenges discussed in traditional backpropaga...
2025-12-20 22:56:35,527 - INFO - A: The text discusses several challenges related to traditional backpropagation methods, including the ...
2025-12-20 22:56:35,527 - INFO - Quality: 0.80 | Latency: 1.12s
2025-12-20 22:56:36,709 - INFO - 
Q: What is the significance of Layer Normalization in neural ne...
2025-12-20 22:56:36,710 - INFO - A: Layer Normalization is significant because it outperforms Batch Normalization and Weight Normalizati...
2025-12-20 22:56:36,710 - INFO - Quality: 0.78 | Latency: 1.18s
2025-12-20 22:56:37,507 - INFO - 
Q: Why is Layer Normalization essential for modern neural netwo...
2025-12-20 22:56:37,508 - INFO - A: Layer Normalization is essential for modern neural networks because it improves training speed by in...
2025-12-20 22:56:37,508 - INFO - Quality: 0.86 | Latency: 0.80s
2025-12-20 22:56:38,756 - INFO - 
Q: How does StyleGAN work?...
2025-12-20 22:56:38,756 - INFO - A: StyleGAN is a novel image generation algorithm that uses a collection of styles as input and produce...
2025-12-20 22:56:38,756 - INFO - Quality: 0.66 | Latency: 1.25s
2025-12-20 22:56:39,761 - INFO - 
Q: What are the key innovations in StyleGAN architecture?...
2025-12-20 22:56:39,761 - INFO - A: The key innovation in StyleGAN architecture is its use of spatially invariant style transfer by comp...
2025-12-20 22:56:39,761 - INFO - Quality: 0.80 | Latency: 1.00s
2025-12-20 22:56:40,856 - INFO - 
Q: Describe the architecture of BERT....
2025-12-20 22:56:40,856 - INFO - A: BERT, or Bidirectional Encoder Representations from Transformers, has a unified architecture that co...
2025-12-20 22:56:40,857 - INFO - Quality: 0.78 | Latency: 1.09s
2025-12-20 22:56:41,974 - INFO - 
Q: How can word representation be estimated efficiently?...
2025-12-20 22:56:41,975 - INFO - A: Word representation can be estimated efficiently by jointly learning a statistical language model wi...
2025-12-20 22:56:41,975 - INFO - Quality: 0.81 | Latency: 1.12s
2025-12-20 22:56:43,324 - INFO - 
Q: What makes BERT different from previous language models?...
2025-12-20 22:56:43,324 - INFO - A: BERT (Bidirectional Encoder Representations from Transformers) differs from previous language models...
2025-12-20 22:56:43,324 - INFO - Quality: 0.75 | Latency: 1.35s
2025-12-20 22:56:44,704 - INFO - 
Q: What role does PCA play in machine learning according to Min...
2025-12-20 22:56:44,704 - INFO - A: PCA (Principal Component Analysis) plays a crucial role in machine learning by estimating the basis ...
2025-12-20 22:56:44,704 - INFO - Quality: 0.81 | Latency: 1.38s
2025-12-20 22:56:46,089 - INFO - 
Q: Explain the mathematical foundations of PCA....
2025-12-20 22:56:46,090 - INFO - A: PCA (Principal Component Analysis) is based on a mathematical approach that transforms data into new...
2025-12-20 22:56:46,090 - INFO - Quality: 0.79 | Latency: 1.38s
2025-12-20 22:56:46,989 - INFO - 
Q: How does LDA perform topic modeling?...
2025-12-20 22:56:46,990 - INFO - A: LDA (Latent Dirichlet Allocation) performs topic modeling by generating topics from a distribution o...
2025-12-20 22:56:46,990 - INFO - Quality: 0.76 | Latency: 0.90s
2025-12-20 22:56:48,141 - INFO - 
Q: What are the applications of Latent Dirichlet Allocation?...
2025-12-20 22:56:48,142 - INFO - A: The applications of Latent Dirichlet Allocation (LDA) include machine learning, particularly in grap...
2025-12-20 22:56:48,142 - INFO - Quality: 0.79 | Latency: 1.15s
2025-12-20 22:56:48,875 - INFO - 
Q: Why is Naive Bayes considered optimal in some scenarios?...
2025-12-20 22:56:48,875 - INFO - A: Naive Bayes is considered optimal because its dependence distribution over attributes consistently e...
2025-12-20 22:56:48,876 - INFO - Quality: 0.87 | Latency: 0.73s
2025-12-20 22:56:49,854 - INFO - 
Q: What is the no free lunch theorem in machine learning?...
2025-12-20 22:56:49,855 - INFO - A: The "no free lunch theorem" in machine learning refers to the idea that for any optimization algorit...
2025-12-20 22:56:49,855 - INFO - Quality: 0.82 | Latency: 0.98s
2025-12-20 22:56:51,031 - INFO - 
Q: Discuss the applications of Transfer Visual Models....
2025-12-20 22:56:51,031 - INFO - A: Transferable visual models have been applied in various natural language supervision tasks to levera...
2025-12-20 22:56:51,032 - INFO - Quality: 0.71 | Latency: 1.18s
2025-12-20 22:56:52,274 - INFO - 
Q: How does transfer learning improve model performance?...
2025-12-20 22:56:52,275 - INFO - A: Transfer learning improves model performance by fine-tuning pre-trained models on a specific task, a...
2025-12-20 22:56:52,275 - INFO - Quality: 0.72 | Latency: 1.24s
2025-12-20 22:56:53,306 - INFO - 
Q: Explain the main concepts of Proximal Policy Optimization....
2025-12-20 22:56:53,306 - INFO - A: Proximal Policy Optimization (PPO) is a policy gradient method that alternates between sampling data...
2025-12-20 22:56:53,306 - INFO - Quality: 0.77 | Latency: 1.03s
2025-12-20 22:56:54,569 - INFO - 
Q: What is PPO?...
2025-12-20 22:56:54,569 - INFO - A: PPO, or Proximal Policy Optimization, is an optimization algorithm used in reinforcement learning th...
2025-12-20 22:56:54,569 - INFO - Quality: 0.68 | Latency: 1.26s
2025-12-20 22:56:55,557 - INFO - 
Q: What are the advantages of PPO over other policy gradient me...
2025-12-20 22:56:55,557 - INFO - A: Here is a 2-3 sentence answer:

PPO (Proximal Policy Optimization) outperforms other policy gradient...
2025-12-20 22:56:55,558 - INFO - Quality: 0.79 | Latency: 0.99s
2025-12-20 22:56:56,685 - INFO - 
Q: How does learning to summarize with human feedback work?...
2025-12-20 22:56:56,685 - INFO - A: Learning to summarize with human feedback involves training language models on objectives that captu...
2025-12-20 22:56:56,685 - INFO - Quality: 0.80 | Latency: 1.13s
2025-12-20 22:56:57,565 - INFO - 
Q: What is the impact of deep reinforcement learning from human...
2025-12-20 22:56:57,566 - INFO - A: Deep Reinforcement Learning from Human Preferences can help sophisticated RL systems communicate com...
2025-12-20 22:56:57,566 - INFO - Quality: 0.78 | Latency: 0.88s
2025-12-20 22:56:58,672 - INFO - 
Q: How are language models trained to follow instructions with ...
2025-12-20 22:56:58,673 - INFO - A: Language models in InstructGPT are trained using a combination of supervised learning and reinforcem...
2025-12-20 22:56:58,673 - INFO - Quality: 0.85 | Latency: 1.11s
2025-12-20 22:56:59,639 - INFO - 
Q: What challenges are associated with aligning general languag...
2025-12-20 22:56:59,639 - INFO - A: The text does not explicitly state the challenges of aligning general language assistants. However, ...
2025-12-20 22:56:59,640 - INFO - Quality: 0.80 | Latency: 0.97s
2025-12-20 22:57:00,423 - INFO - 
Q: What is AdaBoost?...
2025-12-20 22:57:00,423 - INFO - A: AdaBoost, or the Boosting algorithm, is an iterative procedure used to approximate a Bayes classifie...
2025-12-20 22:57:00,423 - INFO - Quality: 0.80 | Latency: 0.78s
2025-12-20 22:57:01,533 - INFO - 
Q: Explain gradient boosting...
2025-12-20 22:57:01,533 - INFO - A: Gradient boosting is a machine learning algorithm that combines multiple decision trees to make pred...
2025-12-20 22:57:01,533 - INFO - Quality: 0.80 | Latency: 1.11s
2025-12-20 22:57:02,485 - INFO - 
Q: What is backpropagation?...
2025-12-20 22:57:02,485 - INFO - A: Backpropagation is a key component in machine learning algorithms that helps optimize the performanc...
2025-12-20 22:57:02,485 - INFO - Quality: 0.35 | Latency: 0.95s
2025-12-20 22:57:03,982 - INFO - 
Q: How does PCA work?...
2025-12-20 22:57:03,982 - INFO - A: Here is a concise answer to the question:

Principal Component Analysis (PCA) is a method that estim...
2025-12-20 22:57:03,982 - INFO - Quality: 0.60 | Latency: 1.50s
2025-12-20 22:57:04,865 - INFO - 
Q: What is LDA?...
2025-12-20 22:57:04,865 - INFO - A: LDA stands for Latent Dirichlet Allocation (also known as topic modeling), a technique used in text ...
2025-12-20 22:57:04,865 - INFO - Quality: 0.67 | Latency: 0.88s
2025-12-20 22:57:06,072 - INFO - 
Q: Compare XGBoost and traditional gradient boosting methods....
2025-12-20 22:57:06,072 - INFO - A: Here is a concise comparison between XGBoost and traditional gradient boosting methods in 2-3 senten...
2025-12-20 22:57:06,072 - INFO - Quality: 0.83 | Latency: 1.21s
2025-12-20 22:57:06,757 - INFO - 
Q: How do modern optimization techniques improve upon tradition...
2025-12-20 22:57:06,758 - INFO - A: Modern optimization techniques, such as evolutionary algorithms, can improve upon traditional backpr...
2025-12-20 22:57:06,758 - INFO - Quality: 0.87 | Latency: 0.68s
2025-12-20 22:57:07,786 - INFO - 
Q: What are the connections between PPO and human feedback in R...
2025-12-20 22:57:07,786 - INFO - A: Human feedback in Reinforcement Learning (RL) can be used to inform policy definitions, similar to h...
2025-12-20 22:57:07,786 - INFO - Quality: 0.76 | Latency: 1.03s
2025-12-21 14:47:56,507 - INFO - Loading faiss.
2025-12-21 14:47:56,537 - INFO - Successfully loaded faiss.
2025-12-21 14:49:07,194 - INFO - Loading faiss.
2025-12-21 14:49:07,221 - INFO - Successfully loaded faiss.
2025-12-21 14:49:10,929 - INFO - Scanning directory for PDF files: rag-data
2025-12-21 14:49:10,929 - INFO - Found 19 PDF file(s).
2025-12-21 14:49:10,929 - INFO - Processing PDF: rag-data/ML/MulticlassAdaBoost.pdf
2025-12-21 14:49:11,305 - INFO - Successfully loaded 12 document(s) from: rag-data/ML/MulticlassAdaBoost.pdf
2025-12-21 14:49:11,305 - INFO - Processing PDF: rag-data/ML/XGBoost.pdf
2025-12-21 14:49:11,444 - INFO - Successfully loaded 13 document(s) from: rag-data/ML/XGBoost.pdf
2025-12-21 14:49:11,445 - INFO - Processing PDF: rag-data/ML/EfficientBackProp.pdf
2025-12-21 14:49:11,824 - INFO - Successfully loaded 44 document(s) from: rag-data/ML/EfficientBackProp.pdf
2025-12-21 14:49:11,825 - INFO - Processing PDF: rag-data/ML/StyleGAN.pdf
2025-12-21 14:49:11,911 - INFO - Successfully loaded 12 document(s) from: rag-data/ML/StyleGAN.pdf
2025-12-21 14:49:11,911 - INFO - Processing PDF: rag-data/ML/minka-pca.pdf
2025-12-21 14:49:11,971 - INFO - Successfully loaded 16 document(s) from: rag-data/ML/minka-pca.pdf
2025-12-21 14:49:11,971 - INFO - Processing PDF: rag-data/ML/StochasticGradientBoosting.pdf
2025-12-21 14:49:12,026 - INFO - Successfully loaded 10 document(s) from: rag-data/ML/StochasticGradientBoosting.pdf
2025-12-21 14:49:12,026 - INFO - Processing PDF: rag-data/ML/backprop_old.pdf
2025-12-21 14:49:12,028 - INFO - Successfully loaded 4 document(s) from: rag-data/ML/backprop_old.pdf
2025-12-21 14:49:12,028 - INFO - Processing PDF: rag-data/ML/LDA.pdf
2025-12-21 14:49:12,169 - INFO - Successfully loaded 30 document(s) from: rag-data/ML/LDA.pdf
2025-12-21 14:49:12,169 - INFO - Processing PDF: rag-data/ML/BERT.pdf
2025-12-21 14:49:12,262 - INFO - Successfully loaded 16 document(s) from: rag-data/ML/BERT.pdf
2025-12-21 14:49:12,262 - INFO - Processing PDF: rag-data/ML/LayerNormalization.pdf
2025-12-21 14:49:12,352 - INFO - Successfully loaded 14 document(s) from: rag-data/ML/LayerNormalization.pdf
2025-12-21 14:49:12,352 - INFO - Processing PDF: rag-data/ML/TransferVisualModels.pdf
2025-12-21 14:49:12,889 - INFO - Successfully loaded 48 document(s) from: rag-data/ML/TransferVisualModels.pdf
2025-12-21 14:49:12,890 - INFO - Processing PDF: rag-data/ML/Nofreelunch.pdf
2025-12-21 14:49:13,034 - INFO - Successfully loaded 16 document(s) from: rag-data/ML/Nofreelunch.pdf
2025-12-21 14:49:13,034 - INFO - Processing PDF: rag-data/ML/Efficientestimationofwordrep.pdf
2025-12-21 14:49:13,083 - INFO - Successfully loaded 12 document(s) from: rag-data/ML/Efficientestimationofwordrep.pdf
2025-12-21 14:49:13,083 - INFO - Processing PDF: rag-data/ML/OptimalityofNaiveBayes.pdf
2025-12-21 14:49:13,122 - INFO - Successfully loaded 6 document(s) from: rag-data/ML/OptimalityofNaiveBayes.pdf
2025-12-21 14:49:13,122 - INFO - Processing PDF: rag-data/RL/A_General_Language_Assistant_as_a_Laboratory_for_Alignment_v3.pdf
2025-12-21 14:49:13,410 - INFO - Successfully loaded 48 document(s) from: rag-data/RL/A_General_Language_Assistant_as_a_Laboratory_for_Alignment_v3.pdf
2025-12-21 14:49:13,410 - INFO - Processing PDF: rag-data/RL/NeurIPS-2020-learning-to-summarize-with-human-feedback-Paper.pdf
2025-12-21 14:49:13,495 - INFO - Successfully loaded 14 document(s) from: rag-data/RL/NeurIPS-2020-learning-to-summarize-with-human-feedback-Paper.pdf
2025-12-21 14:49:13,495 - INFO - Processing PDF: rag-data/RL/Deep_Reinforcement_Learning_from_Human_Preferencesv4.pdf
2025-12-21 14:49:13,569 - INFO - Successfully loaded 17 document(s) from: rag-data/RL/Deep_Reinforcement_Learning_from_Human_Preferencesv4.pdf
2025-12-21 14:49:13,569 - INFO - Processing PDF: rag-data/RL/Training language models to follow instructions with human feedback.pdf
2025-12-21 14:49:13,822 - INFO - Successfully loaded 68 document(s) from: rag-data/RL/Training language models to follow instructions with human feedback.pdf
2025-12-21 14:49:13,822 - INFO - Processing PDF: rag-data/RL/Proximal_Policy_Optimization_Algorithms.pdf
2025-12-21 14:49:13,988 - INFO - Successfully loaded 12 document(s) from: rag-data/RL/Proximal_Policy_Optimization_Algorithms.pdf
2025-12-21 14:49:13,988 - INFO - Completed processing. Total documents loaded: 412.
2025-12-21 14:54:53,268 - INFO - Loading faiss.
2025-12-21 14:54:53,298 - INFO - Successfully loaded faiss.
2025-12-21 14:54:56,839 - INFO - Scanning directory for PDF files: rag-data
2025-12-21 14:54:56,839 - INFO - Found 19 PDF file(s).
2025-12-21 14:54:56,839 - INFO - Processing PDF: rag-data/ML/MulticlassAdaBoost.pdf
2025-12-21 14:54:57,256 - INFO - Successfully loaded 12 document(s) from: rag-data/ML/MulticlassAdaBoost.pdf
2025-12-21 14:54:57,256 - INFO - Processing PDF: rag-data/ML/XGBoost.pdf
2025-12-21 14:54:57,394 - INFO - Successfully loaded 13 document(s) from: rag-data/ML/XGBoost.pdf
2025-12-21 14:54:57,394 - INFO - Processing PDF: rag-data/ML/EfficientBackProp.pdf
2025-12-21 14:54:57,774 - INFO - Successfully loaded 44 document(s) from: rag-data/ML/EfficientBackProp.pdf
2025-12-21 14:54:57,774 - INFO - Processing PDF: rag-data/ML/StyleGAN.pdf
2025-12-21 14:54:57,861 - INFO - Successfully loaded 12 document(s) from: rag-data/ML/StyleGAN.pdf
2025-12-21 14:54:57,861 - INFO - Processing PDF: rag-data/ML/minka-pca.pdf
2025-12-21 14:54:57,924 - INFO - Successfully loaded 16 document(s) from: rag-data/ML/minka-pca.pdf
2025-12-21 14:54:57,924 - INFO - Processing PDF: rag-data/ML/StochasticGradientBoosting.pdf
2025-12-21 14:54:57,980 - INFO - Successfully loaded 10 document(s) from: rag-data/ML/StochasticGradientBoosting.pdf
2025-12-21 14:54:57,980 - INFO - Processing PDF: rag-data/ML/backprop_old.pdf
2025-12-21 14:54:57,982 - INFO - Successfully loaded 4 document(s) from: rag-data/ML/backprop_old.pdf
2025-12-21 14:54:57,982 - INFO - Processing PDF: rag-data/ML/LDA.pdf
2025-12-21 14:54:58,122 - INFO - Successfully loaded 30 document(s) from: rag-data/ML/LDA.pdf
2025-12-21 14:54:58,122 - INFO - Processing PDF: rag-data/ML/BERT.pdf
2025-12-21 14:54:58,216 - INFO - Successfully loaded 16 document(s) from: rag-data/ML/BERT.pdf
2025-12-21 14:54:58,216 - INFO - Processing PDF: rag-data/ML/LayerNormalization.pdf
2025-12-21 14:54:58,307 - INFO - Successfully loaded 14 document(s) from: rag-data/ML/LayerNormalization.pdf
2025-12-21 14:54:58,307 - INFO - Processing PDF: rag-data/ML/TransferVisualModels.pdf
2025-12-21 14:54:58,845 - INFO - Successfully loaded 48 document(s) from: rag-data/ML/TransferVisualModels.pdf
2025-12-21 14:54:58,845 - INFO - Processing PDF: rag-data/ML/Nofreelunch.pdf
2025-12-21 14:54:58,993 - INFO - Successfully loaded 16 document(s) from: rag-data/ML/Nofreelunch.pdf
2025-12-21 14:54:58,993 - INFO - Processing PDF: rag-data/ML/Efficientestimationofwordrep.pdf
2025-12-21 14:54:59,043 - INFO - Successfully loaded 12 document(s) from: rag-data/ML/Efficientestimationofwordrep.pdf
2025-12-21 14:54:59,043 - INFO - Processing PDF: rag-data/ML/OptimalityofNaiveBayes.pdf
2025-12-21 14:54:59,083 - INFO - Successfully loaded 6 document(s) from: rag-data/ML/OptimalityofNaiveBayes.pdf
2025-12-21 14:54:59,083 - INFO - Processing PDF: rag-data/RL/A_General_Language_Assistant_as_a_Laboratory_for_Alignment_v3.pdf
2025-12-21 14:54:59,370 - INFO - Successfully loaded 48 document(s) from: rag-data/RL/A_General_Language_Assistant_as_a_Laboratory_for_Alignment_v3.pdf
2025-12-21 14:54:59,370 - INFO - Processing PDF: rag-data/RL/NeurIPS-2020-learning-to-summarize-with-human-feedback-Paper.pdf
2025-12-21 14:54:59,453 - INFO - Successfully loaded 14 document(s) from: rag-data/RL/NeurIPS-2020-learning-to-summarize-with-human-feedback-Paper.pdf
2025-12-21 14:54:59,453 - INFO - Processing PDF: rag-data/RL/Deep_Reinforcement_Learning_from_Human_Preferencesv4.pdf
2025-12-21 14:54:59,527 - INFO - Successfully loaded 17 document(s) from: rag-data/RL/Deep_Reinforcement_Learning_from_Human_Preferencesv4.pdf
2025-12-21 14:54:59,527 - INFO - Processing PDF: rag-data/RL/Training language models to follow instructions with human feedback.pdf
2025-12-21 14:54:59,786 - INFO - Successfully loaded 68 document(s) from: rag-data/RL/Training language models to follow instructions with human feedback.pdf
2025-12-21 14:54:59,786 - INFO - Processing PDF: rag-data/RL/Proximal_Policy_Optimization_Algorithms.pdf
2025-12-21 14:54:59,953 - INFO - Successfully loaded 12 document(s) from: rag-data/RL/Proximal_Policy_Optimization_Algorithms.pdf
2025-12-21 14:54:59,953 - INFO - Completed processing. Total documents loaded: 412.
2025-12-21 15:00:06,284 - INFO - Loading faiss.
2025-12-21 15:00:06,310 - INFO - Successfully loaded faiss.
2025-12-21 15:00:09,805 - INFO - Scanning directory for PDF files: rag-data
2025-12-21 15:00:09,805 - INFO - Found 19 PDF file(s).
2025-12-21 15:00:09,805 - INFO - Processing PDF: rag-data/ML/MulticlassAdaBoost.pdf
2025-12-21 15:00:10,153 - INFO - Successfully loaded 12 document(s) from: rag-data/ML/MulticlassAdaBoost.pdf
2025-12-21 15:00:10,153 - INFO - Processing PDF: rag-data/ML/XGBoost.pdf
2025-12-21 15:00:10,291 - INFO - Successfully loaded 13 document(s) from: rag-data/ML/XGBoost.pdf
2025-12-21 15:00:10,291 - INFO - Processing PDF: rag-data/ML/EfficientBackProp.pdf
2025-12-21 15:00:10,664 - INFO - Successfully loaded 44 document(s) from: rag-data/ML/EfficientBackProp.pdf
2025-12-21 15:00:10,664 - INFO - Processing PDF: rag-data/ML/StyleGAN.pdf
2025-12-21 15:00:10,751 - INFO - Successfully loaded 12 document(s) from: rag-data/ML/StyleGAN.pdf
2025-12-21 15:00:10,751 - INFO - Processing PDF: rag-data/ML/minka-pca.pdf
2025-12-21 15:00:10,811 - INFO - Successfully loaded 16 document(s) from: rag-data/ML/minka-pca.pdf
2025-12-21 15:00:10,811 - INFO - Processing PDF: rag-data/ML/StochasticGradientBoosting.pdf
2025-12-21 15:00:10,866 - INFO - Successfully loaded 10 document(s) from: rag-data/ML/StochasticGradientBoosting.pdf
2025-12-21 15:00:10,866 - INFO - Processing PDF: rag-data/ML/backprop_old.pdf
2025-12-21 15:00:10,868 - INFO - Successfully loaded 4 document(s) from: rag-data/ML/backprop_old.pdf
2025-12-21 15:00:10,868 - INFO - Processing PDF: rag-data/ML/LDA.pdf
2025-12-21 15:00:11,008 - INFO - Successfully loaded 30 document(s) from: rag-data/ML/LDA.pdf
2025-12-21 15:00:11,009 - INFO - Processing PDF: rag-data/ML/BERT.pdf
2025-12-21 15:00:11,104 - INFO - Successfully loaded 16 document(s) from: rag-data/ML/BERT.pdf
2025-12-21 15:00:11,104 - INFO - Processing PDF: rag-data/ML/LayerNormalization.pdf
2025-12-21 15:00:11,195 - INFO - Successfully loaded 14 document(s) from: rag-data/ML/LayerNormalization.pdf
2025-12-21 15:00:11,195 - INFO - Processing PDF: rag-data/ML/TransferVisualModels.pdf
2025-12-21 15:00:11,730 - INFO - Successfully loaded 48 document(s) from: rag-data/ML/TransferVisualModels.pdf
2025-12-21 15:00:11,730 - INFO - Processing PDF: rag-data/ML/Nofreelunch.pdf
2025-12-21 15:00:11,875 - INFO - Successfully loaded 16 document(s) from: rag-data/ML/Nofreelunch.pdf
2025-12-21 15:00:11,875 - INFO - Processing PDF: rag-data/ML/Efficientestimationofwordrep.pdf
2025-12-21 15:00:11,924 - INFO - Successfully loaded 12 document(s) from: rag-data/ML/Efficientestimationofwordrep.pdf
2025-12-21 15:00:11,924 - INFO - Processing PDF: rag-data/ML/OptimalityofNaiveBayes.pdf
2025-12-21 15:00:11,962 - INFO - Successfully loaded 6 document(s) from: rag-data/ML/OptimalityofNaiveBayes.pdf
2025-12-21 15:00:11,962 - INFO - Processing PDF: rag-data/RL/A_General_Language_Assistant_as_a_Laboratory_for_Alignment_v3.pdf
2025-12-21 15:00:12,248 - INFO - Successfully loaded 48 document(s) from: rag-data/RL/A_General_Language_Assistant_as_a_Laboratory_for_Alignment_v3.pdf
2025-12-21 15:00:12,248 - INFO - Processing PDF: rag-data/RL/NeurIPS-2020-learning-to-summarize-with-human-feedback-Paper.pdf
2025-12-21 15:00:12,332 - INFO - Successfully loaded 14 document(s) from: rag-data/RL/NeurIPS-2020-learning-to-summarize-with-human-feedback-Paper.pdf
2025-12-21 15:00:12,332 - INFO - Processing PDF: rag-data/RL/Deep_Reinforcement_Learning_from_Human_Preferencesv4.pdf
2025-12-21 15:00:12,405 - INFO - Successfully loaded 17 document(s) from: rag-data/RL/Deep_Reinforcement_Learning_from_Human_Preferencesv4.pdf
2025-12-21 15:00:12,406 - INFO - Processing PDF: rag-data/RL/Training language models to follow instructions with human feedback.pdf
2025-12-21 15:00:12,658 - INFO - Successfully loaded 68 document(s) from: rag-data/RL/Training language models to follow instructions with human feedback.pdf
2025-12-21 15:00:12,658 - INFO - Processing PDF: rag-data/RL/Proximal_Policy_Optimization_Algorithms.pdf
2025-12-21 15:00:12,826 - INFO - Successfully loaded 12 document(s) from: rag-data/RL/Proximal_Policy_Optimization_Algorithms.pdf
2025-12-21 15:00:12,826 - INFO - Completed processing. Total documents loaded: 412.
2025-12-21 15:02:22,181 - INFO - Loading faiss.
2025-12-21 15:02:22,209 - INFO - Successfully loaded faiss.
2025-12-21 15:02:25,775 - INFO - Scanning directory for PDF files: rag-data
2025-12-21 15:02:25,776 - INFO - Found 19 PDF file(s).
2025-12-21 15:02:25,776 - INFO - Processing PDF: rag-data/ML/MulticlassAdaBoost.pdf
2025-12-21 15:02:26,134 - INFO - Successfully loaded 12 document(s) from: rag-data/ML/MulticlassAdaBoost.pdf
2025-12-21 15:02:26,134 - INFO - Processing PDF: rag-data/ML/XGBoost.pdf
2025-12-21 15:02:26,279 - INFO - Successfully loaded 13 document(s) from: rag-data/ML/XGBoost.pdf
2025-12-21 15:02:26,279 - INFO - Processing PDF: rag-data/ML/EfficientBackProp.pdf
2025-12-21 15:02:26,656 - INFO - Successfully loaded 44 document(s) from: rag-data/ML/EfficientBackProp.pdf
2025-12-21 15:02:26,656 - INFO - Processing PDF: rag-data/ML/StyleGAN.pdf
2025-12-21 15:02:26,743 - INFO - Successfully loaded 12 document(s) from: rag-data/ML/StyleGAN.pdf
2025-12-21 15:02:26,743 - INFO - Processing PDF: rag-data/ML/minka-pca.pdf
2025-12-21 15:02:26,806 - INFO - Successfully loaded 16 document(s) from: rag-data/ML/minka-pca.pdf
2025-12-21 15:02:26,806 - INFO - Processing PDF: rag-data/ML/StochasticGradientBoosting.pdf
2025-12-21 15:02:26,860 - INFO - Successfully loaded 10 document(s) from: rag-data/ML/StochasticGradientBoosting.pdf
2025-12-21 15:02:26,860 - INFO - Processing PDF: rag-data/ML/backprop_old.pdf
2025-12-21 15:02:26,862 - INFO - Successfully loaded 4 document(s) from: rag-data/ML/backprop_old.pdf
2025-12-21 15:02:26,862 - INFO - Processing PDF: rag-data/ML/LDA.pdf
2025-12-21 15:02:27,002 - INFO - Successfully loaded 30 document(s) from: rag-data/ML/LDA.pdf
2025-12-21 15:02:27,002 - INFO - Processing PDF: rag-data/ML/BERT.pdf
2025-12-21 15:02:27,095 - INFO - Successfully loaded 16 document(s) from: rag-data/ML/BERT.pdf
2025-12-21 15:02:27,095 - INFO - Processing PDF: rag-data/ML/LayerNormalization.pdf
2025-12-21 15:02:27,187 - INFO - Successfully loaded 14 document(s) from: rag-data/ML/LayerNormalization.pdf
2025-12-21 15:02:27,187 - INFO - Processing PDF: rag-data/ML/TransferVisualModels.pdf
2025-12-21 15:02:27,738 - INFO - Successfully loaded 48 document(s) from: rag-data/ML/TransferVisualModels.pdf
2025-12-21 15:02:27,738 - INFO - Processing PDF: rag-data/ML/Nofreelunch.pdf
2025-12-21 15:02:27,886 - INFO - Successfully loaded 16 document(s) from: rag-data/ML/Nofreelunch.pdf
2025-12-21 15:02:27,886 - INFO - Processing PDF: rag-data/ML/Efficientestimationofwordrep.pdf
2025-12-21 15:02:27,936 - INFO - Successfully loaded 12 document(s) from: rag-data/ML/Efficientestimationofwordrep.pdf
2025-12-21 15:02:27,936 - INFO - Processing PDF: rag-data/ML/OptimalityofNaiveBayes.pdf
2025-12-21 15:02:27,975 - INFO - Successfully loaded 6 document(s) from: rag-data/ML/OptimalityofNaiveBayes.pdf
2025-12-21 15:02:27,975 - INFO - Processing PDF: rag-data/RL/A_General_Language_Assistant_as_a_Laboratory_for_Alignment_v3.pdf
2025-12-21 15:02:28,263 - INFO - Successfully loaded 48 document(s) from: rag-data/RL/A_General_Language_Assistant_as_a_Laboratory_for_Alignment_v3.pdf
2025-12-21 15:02:28,263 - INFO - Processing PDF: rag-data/RL/NeurIPS-2020-learning-to-summarize-with-human-feedback-Paper.pdf
2025-12-21 15:02:28,347 - INFO - Successfully loaded 14 document(s) from: rag-data/RL/NeurIPS-2020-learning-to-summarize-with-human-feedback-Paper.pdf
2025-12-21 15:02:28,347 - INFO - Processing PDF: rag-data/RL/Deep_Reinforcement_Learning_from_Human_Preferencesv4.pdf
2025-12-21 15:02:28,422 - INFO - Successfully loaded 17 document(s) from: rag-data/RL/Deep_Reinforcement_Learning_from_Human_Preferencesv4.pdf
2025-12-21 15:02:28,422 - INFO - Processing PDF: rag-data/RL/Training language models to follow instructions with human feedback.pdf
2025-12-21 15:02:28,738 - INFO - Successfully loaded 68 document(s) from: rag-data/RL/Training language models to follow instructions with human feedback.pdf
2025-12-21 15:02:28,738 - INFO - Processing PDF: rag-data/RL/Proximal_Policy_Optimization_Algorithms.pdf
2025-12-21 15:02:28,915 - INFO - Successfully loaded 12 document(s) from: rag-data/RL/Proximal_Policy_Optimization_Algorithms.pdf
2025-12-21 15:02:28,915 - INFO - Completed processing. Total documents loaded: 412.
2025-12-21 15:09:00,805 - INFO - Loading faiss.
2025-12-21 15:09:00,835 - INFO - Successfully loaded faiss.
2025-12-21 15:09:04,525 - INFO - Scanning directory for PDF files: rag-data
2025-12-21 15:09:04,525 - INFO - Found 19 PDF file(s).
2025-12-21 15:09:04,525 - INFO - Processing PDF: rag-data/ML/MulticlassAdaBoost.pdf
2025-12-21 15:09:04,925 - INFO - Successfully loaded 12 document(s) from: rag-data/ML/MulticlassAdaBoost.pdf
2025-12-21 15:09:04,925 - INFO - Processing PDF: rag-data/ML/XGBoost.pdf
2025-12-21 15:09:05,066 - INFO - Successfully loaded 13 document(s) from: rag-data/ML/XGBoost.pdf
2025-12-21 15:09:05,066 - INFO - Processing PDF: rag-data/ML/EfficientBackProp.pdf
2025-12-21 15:09:05,441 - INFO - Successfully loaded 44 document(s) from: rag-data/ML/EfficientBackProp.pdf
2025-12-21 15:09:05,441 - INFO - Processing PDF: rag-data/ML/StyleGAN.pdf
2025-12-21 15:09:05,528 - INFO - Successfully loaded 12 document(s) from: rag-data/ML/StyleGAN.pdf
2025-12-21 15:09:05,528 - INFO - Processing PDF: rag-data/ML/minka-pca.pdf
2025-12-21 15:09:05,589 - INFO - Successfully loaded 16 document(s) from: rag-data/ML/minka-pca.pdf
2025-12-21 15:09:05,589 - INFO - Processing PDF: rag-data/ML/StochasticGradientBoosting.pdf
2025-12-21 15:09:05,644 - INFO - Successfully loaded 10 document(s) from: rag-data/ML/StochasticGradientBoosting.pdf
2025-12-21 15:09:05,645 - INFO - Processing PDF: rag-data/ML/backprop_old.pdf
2025-12-21 15:09:05,647 - INFO - Successfully loaded 4 document(s) from: rag-data/ML/backprop_old.pdf
2025-12-21 15:09:05,647 - INFO - Processing PDF: rag-data/ML/LDA.pdf
2025-12-21 15:09:05,788 - INFO - Successfully loaded 30 document(s) from: rag-data/ML/LDA.pdf
2025-12-21 15:09:05,788 - INFO - Processing PDF: rag-data/ML/BERT.pdf
2025-12-21 15:09:05,884 - INFO - Successfully loaded 16 document(s) from: rag-data/ML/BERT.pdf
2025-12-21 15:09:05,884 - INFO - Processing PDF: rag-data/ML/LayerNormalization.pdf
2025-12-21 15:09:05,976 - INFO - Successfully loaded 14 document(s) from: rag-data/ML/LayerNormalization.pdf
2025-12-21 15:09:05,976 - INFO - Processing PDF: rag-data/ML/TransferVisualModels.pdf
2025-12-21 15:09:06,515 - INFO - Successfully loaded 48 document(s) from: rag-data/ML/TransferVisualModels.pdf
2025-12-21 15:09:06,516 - INFO - Processing PDF: rag-data/ML/Nofreelunch.pdf
2025-12-21 15:09:06,663 - INFO - Successfully loaded 16 document(s) from: rag-data/ML/Nofreelunch.pdf
2025-12-21 15:09:06,663 - INFO - Processing PDF: rag-data/ML/Efficientestimationofwordrep.pdf
2025-12-21 15:09:06,712 - INFO - Successfully loaded 12 document(s) from: rag-data/ML/Efficientestimationofwordrep.pdf
2025-12-21 15:09:06,712 - INFO - Processing PDF: rag-data/ML/OptimalityofNaiveBayes.pdf
2025-12-21 15:09:06,750 - INFO - Successfully loaded 6 document(s) from: rag-data/ML/OptimalityofNaiveBayes.pdf
2025-12-21 15:09:06,750 - INFO - Processing PDF: rag-data/RL/A_General_Language_Assistant_as_a_Laboratory_for_Alignment_v3.pdf
2025-12-21 15:09:07,040 - INFO - Successfully loaded 48 document(s) from: rag-data/RL/A_General_Language_Assistant_as_a_Laboratory_for_Alignment_v3.pdf
2025-12-21 15:09:07,040 - INFO - Processing PDF: rag-data/RL/NeurIPS-2020-learning-to-summarize-with-human-feedback-Paper.pdf
2025-12-21 15:09:07,125 - INFO - Successfully loaded 14 document(s) from: rag-data/RL/NeurIPS-2020-learning-to-summarize-with-human-feedback-Paper.pdf
2025-12-21 15:09:07,125 - INFO - Processing PDF: rag-data/RL/Deep_Reinforcement_Learning_from_Human_Preferencesv4.pdf
2025-12-21 15:09:07,201 - INFO - Successfully loaded 17 document(s) from: rag-data/RL/Deep_Reinforcement_Learning_from_Human_Preferencesv4.pdf
2025-12-21 15:09:07,201 - INFO - Processing PDF: rag-data/RL/Training language models to follow instructions with human feedback.pdf
2025-12-21 15:09:07,457 - INFO - Successfully loaded 68 document(s) from: rag-data/RL/Training language models to follow instructions with human feedback.pdf
2025-12-21 15:09:07,457 - INFO - Processing PDF: rag-data/RL/Proximal_Policy_Optimization_Algorithms.pdf
2025-12-21 15:09:07,625 - INFO - Successfully loaded 12 document(s) from: rag-data/RL/Proximal_Policy_Optimization_Algorithms.pdf
2025-12-21 15:09:07,626 - INFO - Completed processing. Total documents loaded: 412.
2025-12-21 17:23:10,246 - INFO - Loading faiss.
2025-12-21 17:23:10,279 - INFO - Successfully loaded faiss.
2025-12-21 17:27:47,997 - INFO - Loading faiss.
2025-12-21 17:27:48,031 - INFO - Successfully loaded faiss.
2025-12-21 17:29:07,554 - INFO - Loading faiss.
2025-12-21 17:29:07,571 - INFO - Successfully loaded faiss.
2025-12-21 17:29:44,716 - INFO - Loading faiss.
2025-12-21 17:29:44,732 - INFO - Successfully loaded faiss.
2025-12-21 17:30:37,403 - INFO - Loading faiss.
2025-12-21 17:30:37,420 - INFO - Successfully loaded faiss.
2025-12-21 17:30:43,107 - INFO - Scanning directory for PDF files: rag-data
2025-12-21 17:30:43,107 - INFO - Found 19 PDF file(s).
2025-12-21 17:30:43,107 - INFO - Processing PDF: rag-data/ML/MulticlassAdaBoost.pdf
2025-12-21 17:30:43,313 - INFO - Successfully loaded 12 document(s) from: rag-data/ML/MulticlassAdaBoost.pdf
2025-12-21 17:30:43,313 - INFO - Processing PDF: rag-data/ML/XGBoost.pdf
2025-12-21 17:30:43,458 - INFO - Successfully loaded 13 document(s) from: rag-data/ML/XGBoost.pdf
2025-12-21 17:30:43,458 - INFO - Processing PDF: rag-data/ML/EfficientBackProp.pdf
2025-12-21 17:30:43,854 - INFO - Successfully loaded 44 document(s) from: rag-data/ML/EfficientBackProp.pdf
2025-12-21 17:30:43,854 - INFO - Processing PDF: rag-data/ML/StyleGAN.pdf
2025-12-21 17:30:43,941 - INFO - Successfully loaded 12 document(s) from: rag-data/ML/StyleGAN.pdf
2025-12-21 17:30:43,941 - INFO - Processing PDF: rag-data/ML/minka-pca.pdf
2025-12-21 17:30:44,007 - INFO - Successfully loaded 16 document(s) from: rag-data/ML/minka-pca.pdf
2025-12-21 17:30:44,007 - INFO - Processing PDF: rag-data/ML/StochasticGradientBoosting.pdf
2025-12-21 17:30:44,063 - INFO - Successfully loaded 10 document(s) from: rag-data/ML/StochasticGradientBoosting.pdf
2025-12-21 17:30:44,063 - INFO - Processing PDF: rag-data/ML/backprop_old.pdf
2025-12-21 17:30:44,066 - INFO - Successfully loaded 4 document(s) from: rag-data/ML/backprop_old.pdf
2025-12-21 17:30:44,066 - INFO - Processing PDF: rag-data/ML/LDA.pdf
2025-12-21 17:30:44,257 - INFO - Successfully loaded 30 document(s) from: rag-data/ML/LDA.pdf
2025-12-21 17:30:44,258 - INFO - Processing PDF: rag-data/ML/BERT.pdf
2025-12-21 17:30:44,368 - INFO - Successfully loaded 16 document(s) from: rag-data/ML/BERT.pdf
2025-12-21 17:30:44,368 - INFO - Processing PDF: rag-data/ML/LayerNormalization.pdf
2025-12-21 17:30:44,472 - INFO - Successfully loaded 14 document(s) from: rag-data/ML/LayerNormalization.pdf
2025-12-21 17:30:44,473 - INFO - Processing PDF: rag-data/ML/TransferVisualModels.pdf
2025-12-21 17:30:45,303 - INFO - Successfully loaded 48 document(s) from: rag-data/ML/TransferVisualModels.pdf
2025-12-21 17:30:45,304 - INFO - Processing PDF: rag-data/ML/Nofreelunch.pdf
2025-12-21 17:30:45,452 - INFO - Successfully loaded 16 document(s) from: rag-data/ML/Nofreelunch.pdf
2025-12-21 17:30:45,452 - INFO - Processing PDF: rag-data/ML/Efficientestimationofwordrep.pdf
2025-12-21 17:30:45,505 - INFO - Successfully loaded 12 document(s) from: rag-data/ML/Efficientestimationofwordrep.pdf
2025-12-21 17:30:45,505 - INFO - Processing PDF: rag-data/ML/OptimalityofNaiveBayes.pdf
2025-12-21 17:30:45,546 - INFO - Successfully loaded 6 document(s) from: rag-data/ML/OptimalityofNaiveBayes.pdf
2025-12-21 17:30:45,546 - INFO - Processing PDF: rag-data/RL/A_General_Language_Assistant_as_a_Laboratory_for_Alignment_v3.pdf
2025-12-21 17:30:45,843 - INFO - Successfully loaded 48 document(s) from: rag-data/RL/A_General_Language_Assistant_as_a_Laboratory_for_Alignment_v3.pdf
2025-12-21 17:30:45,843 - INFO - Processing PDF: rag-data/RL/NeurIPS-2020-learning-to-summarize-with-human-feedback-Paper.pdf
2025-12-21 17:30:45,930 - INFO - Successfully loaded 14 document(s) from: rag-data/RL/NeurIPS-2020-learning-to-summarize-with-human-feedback-Paper.pdf
2025-12-21 17:30:45,930 - INFO - Processing PDF: rag-data/RL/Deep_Reinforcement_Learning_from_Human_Preferencesv4.pdf
2025-12-21 17:30:46,008 - INFO - Successfully loaded 17 document(s) from: rag-data/RL/Deep_Reinforcement_Learning_from_Human_Preferencesv4.pdf
2025-12-21 17:30:46,008 - INFO - Processing PDF: rag-data/RL/Training language models to follow instructions with human feedback.pdf
2025-12-21 17:30:46,268 - INFO - Successfully loaded 68 document(s) from: rag-data/RL/Training language models to follow instructions with human feedback.pdf
2025-12-21 17:30:46,268 - INFO - Processing PDF: rag-data/RL/Proximal_Policy_Optimization_Algorithms.pdf
2025-12-21 17:30:46,442 - INFO - Successfully loaded 12 document(s) from: rag-data/RL/Proximal_Policy_Optimization_Algorithms.pdf
2025-12-21 17:30:46,442 - INFO - Completed processing. Total documents loaded: 412.
2025-12-21 17:31:47,063 - INFO - Loading faiss.
2025-12-21 17:31:47,080 - INFO - Successfully loaded faiss.
2025-12-21 17:31:53,105 - INFO - Scanning directory for PDF files: rag-data
2025-12-21 17:31:53,105 - INFO - Found 19 PDF file(s).
2025-12-21 17:31:53,105 - INFO - Processing PDF: rag-data/ML/MulticlassAdaBoost.pdf
2025-12-21 17:31:53,254 - INFO - Successfully loaded 12 document(s) from: rag-data/ML/MulticlassAdaBoost.pdf
2025-12-21 17:31:53,254 - INFO - Processing PDF: rag-data/ML/XGBoost.pdf
2025-12-21 17:31:53,396 - INFO - Successfully loaded 13 document(s) from: rag-data/ML/XGBoost.pdf
2025-12-21 17:31:53,396 - INFO - Processing PDF: rag-data/ML/EfficientBackProp.pdf
2025-12-21 17:31:53,773 - INFO - Successfully loaded 44 document(s) from: rag-data/ML/EfficientBackProp.pdf
2025-12-21 17:31:53,773 - INFO - Processing PDF: rag-data/ML/StyleGAN.pdf
2025-12-21 17:31:53,860 - INFO - Successfully loaded 12 document(s) from: rag-data/ML/StyleGAN.pdf
2025-12-21 17:31:53,860 - INFO - Processing PDF: rag-data/ML/minka-pca.pdf
2025-12-21 17:31:53,921 - INFO - Successfully loaded 16 document(s) from: rag-data/ML/minka-pca.pdf
2025-12-21 17:31:53,921 - INFO - Processing PDF: rag-data/ML/StochasticGradientBoosting.pdf
2025-12-21 17:31:53,978 - INFO - Successfully loaded 10 document(s) from: rag-data/ML/StochasticGradientBoosting.pdf
2025-12-21 17:31:53,978 - INFO - Processing PDF: rag-data/ML/backprop_old.pdf
2025-12-21 17:31:53,980 - INFO - Successfully loaded 4 document(s) from: rag-data/ML/backprop_old.pdf
2025-12-21 17:31:53,980 - INFO - Processing PDF: rag-data/ML/LDA.pdf
2025-12-21 17:31:54,121 - INFO - Successfully loaded 30 document(s) from: rag-data/ML/LDA.pdf
2025-12-21 17:31:54,121 - INFO - Processing PDF: rag-data/ML/BERT.pdf
2025-12-21 17:31:54,215 - INFO - Successfully loaded 16 document(s) from: rag-data/ML/BERT.pdf
2025-12-21 17:31:54,215 - INFO - Processing PDF: rag-data/ML/LayerNormalization.pdf
2025-12-21 17:31:54,306 - INFO - Successfully loaded 14 document(s) from: rag-data/ML/LayerNormalization.pdf
2025-12-21 17:31:54,306 - INFO - Processing PDF: rag-data/ML/TransferVisualModels.pdf
2025-12-21 17:31:54,874 - INFO - Successfully loaded 48 document(s) from: rag-data/ML/TransferVisualModels.pdf
2025-12-21 17:31:54,874 - INFO - Processing PDF: rag-data/ML/Nofreelunch.pdf
2025-12-21 17:31:55,021 - INFO - Successfully loaded 16 document(s) from: rag-data/ML/Nofreelunch.pdf
2025-12-21 17:31:55,021 - INFO - Processing PDF: rag-data/ML/Efficientestimationofwordrep.pdf
2025-12-21 17:31:55,072 - INFO - Successfully loaded 12 document(s) from: rag-data/ML/Efficientestimationofwordrep.pdf
2025-12-21 17:31:55,072 - INFO - Processing PDF: rag-data/ML/OptimalityofNaiveBayes.pdf
2025-12-21 17:31:55,111 - INFO - Successfully loaded 6 document(s) from: rag-data/ML/OptimalityofNaiveBayes.pdf
2025-12-21 17:31:55,112 - INFO - Processing PDF: rag-data/RL/A_General_Language_Assistant_as_a_Laboratory_for_Alignment_v3.pdf
2025-12-21 17:31:55,404 - INFO - Successfully loaded 48 document(s) from: rag-data/RL/A_General_Language_Assistant_as_a_Laboratory_for_Alignment_v3.pdf
2025-12-21 17:31:55,404 - INFO - Processing PDF: rag-data/RL/NeurIPS-2020-learning-to-summarize-with-human-feedback-Paper.pdf
2025-12-21 17:31:55,488 - INFO - Successfully loaded 14 document(s) from: rag-data/RL/NeurIPS-2020-learning-to-summarize-with-human-feedback-Paper.pdf
2025-12-21 17:31:55,488 - INFO - Processing PDF: rag-data/RL/Deep_Reinforcement_Learning_from_Human_Preferencesv4.pdf
2025-12-21 17:31:55,563 - INFO - Successfully loaded 17 document(s) from: rag-data/RL/Deep_Reinforcement_Learning_from_Human_Preferencesv4.pdf
2025-12-21 17:31:55,563 - INFO - Processing PDF: rag-data/RL/Training language models to follow instructions with human feedback.pdf
2025-12-21 17:31:55,823 - INFO - Successfully loaded 68 document(s) from: rag-data/RL/Training language models to follow instructions with human feedback.pdf
2025-12-21 17:31:55,823 - INFO - Processing PDF: rag-data/RL/Proximal_Policy_Optimization_Algorithms.pdf
2025-12-21 17:31:55,991 - INFO - Successfully loaded 12 document(s) from: rag-data/RL/Proximal_Policy_Optimization_Algorithms.pdf
2025-12-21 17:31:55,991 - INFO - Completed processing. Total documents loaded: 412.
2025-12-21 17:32:18,693 - INFO - Load pretrained SentenceTransformer: sentence-transformers/all-MiniLM-L6-v2
2025-12-21 17:34:01,013 - INFO - Scanning directory for PDF files: rag-data
2025-12-21 17:34:01,014 - INFO - Found 19 PDF file(s).
2025-12-21 17:34:01,014 - INFO - Processing PDF: rag-data/ML/MulticlassAdaBoost.pdf
2025-12-21 17:34:01,154 - INFO - Successfully loaded 12 document(s) from: rag-data/ML/MulticlassAdaBoost.pdf
2025-12-21 17:34:01,155 - INFO - Processing PDF: rag-data/ML/XGBoost.pdf
2025-12-21 17:34:01,295 - INFO - Successfully loaded 13 document(s) from: rag-data/ML/XGBoost.pdf
2025-12-21 17:34:01,295 - INFO - Processing PDF: rag-data/ML/EfficientBackProp.pdf
2025-12-21 17:34:01,673 - INFO - Successfully loaded 44 document(s) from: rag-data/ML/EfficientBackProp.pdf
2025-12-21 17:34:01,674 - INFO - Processing PDF: rag-data/ML/StyleGAN.pdf
2025-12-21 17:34:01,760 - INFO - Successfully loaded 12 document(s) from: rag-data/ML/StyleGAN.pdf
2025-12-21 17:34:01,760 - INFO - Processing PDF: rag-data/ML/minka-pca.pdf
2025-12-21 17:34:01,822 - INFO - Successfully loaded 16 document(s) from: rag-data/ML/minka-pca.pdf
2025-12-21 17:34:01,822 - INFO - Processing PDF: rag-data/ML/StochasticGradientBoosting.pdf
2025-12-21 17:34:01,878 - INFO - Successfully loaded 10 document(s) from: rag-data/ML/StochasticGradientBoosting.pdf
2025-12-21 17:34:01,878 - INFO - Processing PDF: rag-data/ML/backprop_old.pdf
2025-12-21 17:34:01,880 - INFO - Successfully loaded 4 document(s) from: rag-data/ML/backprop_old.pdf
2025-12-21 17:34:01,880 - INFO - Processing PDF: rag-data/ML/LDA.pdf
2025-12-21 17:34:02,020 - INFO - Successfully loaded 30 document(s) from: rag-data/ML/LDA.pdf
2025-12-21 17:34:02,020 - INFO - Processing PDF: rag-data/ML/BERT.pdf
2025-12-21 17:34:02,114 - INFO - Successfully loaded 16 document(s) from: rag-data/ML/BERT.pdf
2025-12-21 17:34:02,114 - INFO - Processing PDF: rag-data/ML/LayerNormalization.pdf
2025-12-21 17:34:02,205 - INFO - Successfully loaded 14 document(s) from: rag-data/ML/LayerNormalization.pdf
2025-12-21 17:34:02,205 - INFO - Processing PDF: rag-data/ML/TransferVisualModels.pdf
2025-12-21 17:34:02,751 - INFO - Successfully loaded 48 document(s) from: rag-data/ML/TransferVisualModels.pdf
2025-12-21 17:34:02,751 - INFO - Processing PDF: rag-data/ML/Nofreelunch.pdf
2025-12-21 17:34:02,898 - INFO - Successfully loaded 16 document(s) from: rag-data/ML/Nofreelunch.pdf
2025-12-21 17:34:02,898 - INFO - Processing PDF: rag-data/ML/Efficientestimationofwordrep.pdf
2025-12-21 17:34:02,948 - INFO - Successfully loaded 12 document(s) from: rag-data/ML/Efficientestimationofwordrep.pdf
2025-12-21 17:34:02,948 - INFO - Processing PDF: rag-data/ML/OptimalityofNaiveBayes.pdf
2025-12-21 17:34:02,987 - INFO - Successfully loaded 6 document(s) from: rag-data/ML/OptimalityofNaiveBayes.pdf
2025-12-21 17:34:02,988 - INFO - Processing PDF: rag-data/RL/A_General_Language_Assistant_as_a_Laboratory_for_Alignment_v3.pdf
2025-12-21 17:34:03,280 - INFO - Successfully loaded 48 document(s) from: rag-data/RL/A_General_Language_Assistant_as_a_Laboratory_for_Alignment_v3.pdf
2025-12-21 17:34:03,280 - INFO - Processing PDF: rag-data/RL/NeurIPS-2020-learning-to-summarize-with-human-feedback-Paper.pdf
2025-12-21 17:34:03,364 - INFO - Successfully loaded 14 document(s) from: rag-data/RL/NeurIPS-2020-learning-to-summarize-with-human-feedback-Paper.pdf
2025-12-21 17:34:03,364 - INFO - Processing PDF: rag-data/RL/Deep_Reinforcement_Learning_from_Human_Preferencesv4.pdf
2025-12-21 17:34:03,438 - INFO - Successfully loaded 17 document(s) from: rag-data/RL/Deep_Reinforcement_Learning_from_Human_Preferencesv4.pdf
2025-12-21 17:34:03,438 - INFO - Processing PDF: rag-data/RL/Training language models to follow instructions with human feedback.pdf
2025-12-21 17:34:03,696 - INFO - Successfully loaded 68 document(s) from: rag-data/RL/Training language models to follow instructions with human feedback.pdf
2025-12-21 17:34:03,697 - INFO - Processing PDF: rag-data/RL/Proximal_Policy_Optimization_Algorithms.pdf
2025-12-21 17:34:03,867 - INFO - Successfully loaded 12 document(s) from: rag-data/RL/Proximal_Policy_Optimization_Algorithms.pdf
2025-12-21 17:34:03,867 - INFO - Completed processing. Total documents loaded: 412.
2025-12-21 17:34:05,566 - INFO - Loading faiss.
2025-12-21 17:34:05,586 - INFO - Successfully loaded faiss.
2025-12-21 17:34:07,906 - INFO - Load pretrained SentenceTransformer: sentence-transformers/all-MiniLM-L6-v2
2025-12-21 17:35:12,135 - INFO - Scanning directory for PDF files: rag-data
2025-12-21 17:35:12,135 - INFO - Found 19 PDF file(s).
2025-12-21 17:35:12,135 - INFO - Processing PDF: rag-data/ML/MulticlassAdaBoost.pdf
2025-12-21 17:35:12,280 - INFO - Successfully loaded 12 document(s) from: rag-data/ML/MulticlassAdaBoost.pdf
2025-12-21 17:35:12,280 - INFO - Processing PDF: rag-data/ML/XGBoost.pdf
2025-12-21 17:35:12,420 - INFO - Successfully loaded 13 document(s) from: rag-data/ML/XGBoost.pdf
2025-12-21 17:35:12,420 - INFO - Processing PDF: rag-data/ML/EfficientBackProp.pdf
2025-12-21 17:35:12,804 - INFO - Successfully loaded 44 document(s) from: rag-data/ML/EfficientBackProp.pdf
2025-12-21 17:35:12,804 - INFO - Processing PDF: rag-data/ML/StyleGAN.pdf
2025-12-21 17:35:12,890 - INFO - Successfully loaded 12 document(s) from: rag-data/ML/StyleGAN.pdf
2025-12-21 17:35:12,890 - INFO - Processing PDF: rag-data/ML/minka-pca.pdf
2025-12-21 17:35:12,952 - INFO - Successfully loaded 16 document(s) from: rag-data/ML/minka-pca.pdf
2025-12-21 17:35:12,952 - INFO - Processing PDF: rag-data/ML/StochasticGradientBoosting.pdf
2025-12-21 17:35:13,009 - INFO - Successfully loaded 10 document(s) from: rag-data/ML/StochasticGradientBoosting.pdf
2025-12-21 17:35:13,009 - INFO - Processing PDF: rag-data/ML/backprop_old.pdf
2025-12-21 17:35:13,011 - INFO - Successfully loaded 4 document(s) from: rag-data/ML/backprop_old.pdf
2025-12-21 17:35:13,011 - INFO - Processing PDF: rag-data/ML/LDA.pdf
2025-12-21 17:35:13,153 - INFO - Successfully loaded 30 document(s) from: rag-data/ML/LDA.pdf
2025-12-21 17:35:13,153 - INFO - Processing PDF: rag-data/ML/BERT.pdf
2025-12-21 17:35:13,248 - INFO - Successfully loaded 16 document(s) from: rag-data/ML/BERT.pdf
2025-12-21 17:35:13,248 - INFO - Processing PDF: rag-data/ML/LayerNormalization.pdf
2025-12-21 17:35:13,341 - INFO - Successfully loaded 14 document(s) from: rag-data/ML/LayerNormalization.pdf
2025-12-21 17:35:13,341 - INFO - Processing PDF: rag-data/ML/TransferVisualModels.pdf
2025-12-21 17:35:13,893 - INFO - Successfully loaded 48 document(s) from: rag-data/ML/TransferVisualModels.pdf
2025-12-21 17:35:13,893 - INFO - Processing PDF: rag-data/ML/Nofreelunch.pdf
2025-12-21 17:35:14,042 - INFO - Successfully loaded 16 document(s) from: rag-data/ML/Nofreelunch.pdf
2025-12-21 17:35:14,042 - INFO - Processing PDF: rag-data/ML/Efficientestimationofwordrep.pdf
2025-12-21 17:35:14,093 - INFO - Successfully loaded 12 document(s) from: rag-data/ML/Efficientestimationofwordrep.pdf
2025-12-21 17:35:14,093 - INFO - Processing PDF: rag-data/ML/OptimalityofNaiveBayes.pdf
2025-12-21 17:35:14,133 - INFO - Successfully loaded 6 document(s) from: rag-data/ML/OptimalityofNaiveBayes.pdf
2025-12-21 17:35:14,133 - INFO - Processing PDF: rag-data/RL/A_General_Language_Assistant_as_a_Laboratory_for_Alignment_v3.pdf
2025-12-21 17:35:14,436 - INFO - Successfully loaded 48 document(s) from: rag-data/RL/A_General_Language_Assistant_as_a_Laboratory_for_Alignment_v3.pdf
2025-12-21 17:35:14,436 - INFO - Processing PDF: rag-data/RL/NeurIPS-2020-learning-to-summarize-with-human-feedback-Paper.pdf
2025-12-21 17:35:14,529 - INFO - Successfully loaded 14 document(s) from: rag-data/RL/NeurIPS-2020-learning-to-summarize-with-human-feedback-Paper.pdf
2025-12-21 17:35:14,529 - INFO - Processing PDF: rag-data/RL/Deep_Reinforcement_Learning_from_Human_Preferencesv4.pdf
2025-12-21 17:35:14,611 - INFO - Successfully loaded 17 document(s) from: rag-data/RL/Deep_Reinforcement_Learning_from_Human_Preferencesv4.pdf
2025-12-21 17:35:14,611 - INFO - Processing PDF: rag-data/RL/Training language models to follow instructions with human feedback.pdf
2025-12-21 17:35:14,877 - INFO - Successfully loaded 68 document(s) from: rag-data/RL/Training language models to follow instructions with human feedback.pdf
2025-12-21 17:35:14,877 - INFO - Processing PDF: rag-data/RL/Proximal_Policy_Optimization_Algorithms.pdf
2025-12-21 17:35:15,049 - INFO - Successfully loaded 12 document(s) from: rag-data/RL/Proximal_Policy_Optimization_Algorithms.pdf
2025-12-21 17:35:15,049 - INFO - Completed processing. Total documents loaded: 412.
2025-12-21 17:35:17,443 - INFO - Load pretrained SentenceTransformer: sentence-transformers/all-MiniLM-L6-v2
2025-12-21 17:35:56,738 - INFO - Scanning directory for PDF files: rag-data
2025-12-21 17:35:56,739 - INFO - Found 19 PDF file(s).
2025-12-21 17:35:56,739 - INFO - Processing PDF: rag-data/ML/MulticlassAdaBoost.pdf
2025-12-21 17:35:56,877 - INFO - Successfully loaded 12 document(s) from: rag-data/ML/MulticlassAdaBoost.pdf
2025-12-21 17:35:56,878 - INFO - Processing PDF: rag-data/ML/XGBoost.pdf
2025-12-21 17:35:57,022 - INFO - Successfully loaded 13 document(s) from: rag-data/ML/XGBoost.pdf
2025-12-21 17:35:57,022 - INFO - Processing PDF: rag-data/ML/EfficientBackProp.pdf
2025-12-21 17:35:57,398 - INFO - Successfully loaded 44 document(s) from: rag-data/ML/EfficientBackProp.pdf
2025-12-21 17:35:57,398 - INFO - Processing PDF: rag-data/ML/StyleGAN.pdf
2025-12-21 17:35:57,487 - INFO - Successfully loaded 12 document(s) from: rag-data/ML/StyleGAN.pdf
2025-12-21 17:35:57,487 - INFO - Processing PDF: rag-data/ML/minka-pca.pdf
2025-12-21 17:35:57,549 - INFO - Successfully loaded 16 document(s) from: rag-data/ML/minka-pca.pdf
2025-12-21 17:35:57,549 - INFO - Processing PDF: rag-data/ML/StochasticGradientBoosting.pdf
2025-12-21 17:35:57,604 - INFO - Successfully loaded 10 document(s) from: rag-data/ML/StochasticGradientBoosting.pdf
2025-12-21 17:35:57,604 - INFO - Processing PDF: rag-data/ML/backprop_old.pdf
2025-12-21 17:35:57,606 - INFO - Successfully loaded 4 document(s) from: rag-data/ML/backprop_old.pdf
2025-12-21 17:35:57,607 - INFO - Processing PDF: rag-data/ML/LDA.pdf
2025-12-21 17:35:57,746 - INFO - Successfully loaded 30 document(s) from: rag-data/ML/LDA.pdf
2025-12-21 17:35:57,746 - INFO - Processing PDF: rag-data/ML/BERT.pdf
2025-12-21 17:35:57,842 - INFO - Successfully loaded 16 document(s) from: rag-data/ML/BERT.pdf
2025-12-21 17:35:57,842 - INFO - Processing PDF: rag-data/ML/LayerNormalization.pdf
2025-12-21 17:35:57,935 - INFO - Successfully loaded 14 document(s) from: rag-data/ML/LayerNormalization.pdf
2025-12-21 17:35:57,935 - INFO - Processing PDF: rag-data/ML/TransferVisualModels.pdf
2025-12-21 17:35:58,480 - INFO - Successfully loaded 48 document(s) from: rag-data/ML/TransferVisualModels.pdf
2025-12-21 17:35:58,480 - INFO - Processing PDF: rag-data/ML/Nofreelunch.pdf
2025-12-21 17:35:58,628 - INFO - Successfully loaded 16 document(s) from: rag-data/ML/Nofreelunch.pdf
2025-12-21 17:35:58,628 - INFO - Processing PDF: rag-data/ML/Efficientestimationofwordrep.pdf
2025-12-21 17:35:58,679 - INFO - Successfully loaded 12 document(s) from: rag-data/ML/Efficientestimationofwordrep.pdf
2025-12-21 17:35:58,679 - INFO - Processing PDF: rag-data/ML/OptimalityofNaiveBayes.pdf
2025-12-21 17:35:58,719 - INFO - Successfully loaded 6 document(s) from: rag-data/ML/OptimalityofNaiveBayes.pdf
2025-12-21 17:35:58,719 - INFO - Processing PDF: rag-data/RL/A_General_Language_Assistant_as_a_Laboratory_for_Alignment_v3.pdf
2025-12-21 17:35:59,013 - INFO - Successfully loaded 48 document(s) from: rag-data/RL/A_General_Language_Assistant_as_a_Laboratory_for_Alignment_v3.pdf
2025-12-21 17:35:59,013 - INFO - Processing PDF: rag-data/RL/NeurIPS-2020-learning-to-summarize-with-human-feedback-Paper.pdf
2025-12-21 17:35:59,098 - INFO - Successfully loaded 14 document(s) from: rag-data/RL/NeurIPS-2020-learning-to-summarize-with-human-feedback-Paper.pdf
2025-12-21 17:35:59,098 - INFO - Processing PDF: rag-data/RL/Deep_Reinforcement_Learning_from_Human_Preferencesv4.pdf
2025-12-21 17:35:59,173 - INFO - Successfully loaded 17 document(s) from: rag-data/RL/Deep_Reinforcement_Learning_from_Human_Preferencesv4.pdf
2025-12-21 17:35:59,173 - INFO - Processing PDF: rag-data/RL/Training language models to follow instructions with human feedback.pdf
2025-12-21 17:35:59,434 - INFO - Successfully loaded 68 document(s) from: rag-data/RL/Training language models to follow instructions with human feedback.pdf
2025-12-21 17:35:59,434 - INFO - Processing PDF: rag-data/RL/Proximal_Policy_Optimization_Algorithms.pdf
2025-12-21 17:35:59,605 - INFO - Successfully loaded 12 document(s) from: rag-data/RL/Proximal_Policy_Optimization_Algorithms.pdf
2025-12-21 17:35:59,605 - INFO - Completed processing. Total documents loaded: 412.
2025-12-21 17:36:01,964 - INFO - Load pretrained SentenceTransformer: sentence-transformers/all-MiniLM-L6-v2
2025-12-21 17:37:48,986 - INFO - Loading faiss.
2025-12-21 17:37:49,001 - INFO - Successfully loaded faiss.
2025-12-21 17:37:54,974 - INFO - Scanning directory for PDF files: rag-data
2025-12-21 17:37:54,974 - INFO - Found 19 PDF file(s).
2025-12-21 17:37:54,974 - INFO - Processing PDF: rag-data/ML/MulticlassAdaBoost.pdf
2025-12-21 17:37:55,173 - INFO - Successfully loaded 12 document(s) from: rag-data/ML/MulticlassAdaBoost.pdf
2025-12-21 17:37:55,173 - INFO - Processing PDF: rag-data/ML/XGBoost.pdf
2025-12-21 17:37:55,313 - INFO - Successfully loaded 13 document(s) from: rag-data/ML/XGBoost.pdf
2025-12-21 17:37:55,314 - INFO - Processing PDF: rag-data/ML/EfficientBackProp.pdf
2025-12-21 17:37:55,687 - INFO - Successfully loaded 44 document(s) from: rag-data/ML/EfficientBackProp.pdf
2025-12-21 17:37:55,687 - INFO - Processing PDF: rag-data/ML/StyleGAN.pdf
2025-12-21 17:37:55,776 - INFO - Successfully loaded 12 document(s) from: rag-data/ML/StyleGAN.pdf
2025-12-21 17:37:55,776 - INFO - Processing PDF: rag-data/ML/minka-pca.pdf
2025-12-21 17:37:55,837 - INFO - Successfully loaded 16 document(s) from: rag-data/ML/minka-pca.pdf
2025-12-21 17:37:55,837 - INFO - Processing PDF: rag-data/ML/StochasticGradientBoosting.pdf
2025-12-21 17:37:55,893 - INFO - Successfully loaded 10 document(s) from: rag-data/ML/StochasticGradientBoosting.pdf
2025-12-21 17:37:55,893 - INFO - Processing PDF: rag-data/ML/backprop_old.pdf
2025-12-21 17:37:55,896 - INFO - Successfully loaded 4 document(s) from: rag-data/ML/backprop_old.pdf
2025-12-21 17:37:55,896 - INFO - Processing PDF: rag-data/ML/LDA.pdf
2025-12-21 17:37:56,035 - INFO - Successfully loaded 30 document(s) from: rag-data/ML/LDA.pdf
2025-12-21 17:37:56,035 - INFO - Processing PDF: rag-data/ML/BERT.pdf
2025-12-21 17:37:56,132 - INFO - Successfully loaded 16 document(s) from: rag-data/ML/BERT.pdf
2025-12-21 17:37:56,132 - INFO - Processing PDF: rag-data/ML/LayerNormalization.pdf
2025-12-21 17:37:56,222 - INFO - Successfully loaded 14 document(s) from: rag-data/ML/LayerNormalization.pdf
2025-12-21 17:37:56,222 - INFO - Processing PDF: rag-data/ML/TransferVisualModels.pdf
2025-12-21 17:37:56,769 - INFO - Successfully loaded 48 document(s) from: rag-data/ML/TransferVisualModels.pdf
2025-12-21 17:37:56,769 - INFO - Processing PDF: rag-data/ML/Nofreelunch.pdf
2025-12-21 17:37:56,917 - INFO - Successfully loaded 16 document(s) from: rag-data/ML/Nofreelunch.pdf
2025-12-21 17:37:56,917 - INFO - Processing PDF: rag-data/ML/Efficientestimationofwordrep.pdf
2025-12-21 17:37:56,967 - INFO - Successfully loaded 12 document(s) from: rag-data/ML/Efficientestimationofwordrep.pdf
2025-12-21 17:37:56,967 - INFO - Processing PDF: rag-data/ML/OptimalityofNaiveBayes.pdf
2025-12-21 17:37:57,007 - INFO - Successfully loaded 6 document(s) from: rag-data/ML/OptimalityofNaiveBayes.pdf
2025-12-21 17:37:57,007 - INFO - Processing PDF: rag-data/RL/A_General_Language_Assistant_as_a_Laboratory_for_Alignment_v3.pdf
2025-12-21 17:37:57,300 - INFO - Successfully loaded 48 document(s) from: rag-data/RL/A_General_Language_Assistant_as_a_Laboratory_for_Alignment_v3.pdf
2025-12-21 17:37:57,300 - INFO - Processing PDF: rag-data/RL/NeurIPS-2020-learning-to-summarize-with-human-feedback-Paper.pdf
2025-12-21 17:37:57,383 - INFO - Successfully loaded 14 document(s) from: rag-data/RL/NeurIPS-2020-learning-to-summarize-with-human-feedback-Paper.pdf
2025-12-21 17:37:57,383 - INFO - Processing PDF: rag-data/RL/Deep_Reinforcement_Learning_from_Human_Preferencesv4.pdf
2025-12-21 17:37:57,460 - INFO - Successfully loaded 17 document(s) from: rag-data/RL/Deep_Reinforcement_Learning_from_Human_Preferencesv4.pdf
2025-12-21 17:37:57,460 - INFO - Processing PDF: rag-data/RL/Training language models to follow instructions with human feedback.pdf
2025-12-21 17:37:57,722 - INFO - Successfully loaded 68 document(s) from: rag-data/RL/Training language models to follow instructions with human feedback.pdf
2025-12-21 17:37:57,723 - INFO - Processing PDF: rag-data/RL/Proximal_Policy_Optimization_Algorithms.pdf
2025-12-21 17:37:57,896 - INFO - Successfully loaded 12 document(s) from: rag-data/RL/Proximal_Policy_Optimization_Algorithms.pdf
2025-12-21 17:37:57,896 - INFO - Completed processing. Total documents loaded: 412.
2025-12-21 17:38:00,723 - INFO - Load pretrained SentenceTransformer: sentence-transformers/all-MiniLM-L6-v2
